DATE,OBJECTID,Count_,DailyDeathsReported,DailyDeaths7D
2020-03-18 14:00:00+00:00,1,1.0,,
2020-03-19 14:00:00+00:00,2,1.0,0.0,
2020-03-20 14:00:00+00:00,3,2.0,1.0,
2020-03-21 14:00:00+00:00,4,2.0,0.0,
2020-03-22 14:00:00+00:00,5,3.0,1.0,
2020-03-23 14:00:00+00:00,6,3.0,0.0,
2020-03-24 14:00:00+00:00,7,3.0,0.0,
2020-03-25 14:00:00+00:00,8,4.0,1.0,0.42857142857142855
2020-03-26 14:00:00+00:00,9,4.0,0.0,0.42857142857142855
2020-03-27 14:00:00+00:00,10,5.0,1.0,0.42857142857142855
2020-03-28 14:00:00+00:00,11,5.0,0.0,0.42857142857142855
2020-03-29 14:00:00+00:00,12,10.0,5.0,1.0
2020-03-30 14:00:00+00:00,13,15.0,5.0,1.7142857142857142
2020-03-31 14:00:00+00:00,14,18.0,3.0,2.142857142857143
2020-04-01 14:00:00+00:00,15,31.0,13.0,3.857142857142857
2020-04-02 14:00:00+00:00,16,36.0,5.0,4.571428571428571
2020-04-03 14:00:00+00:00,17,42.0,6.0,5.285714285714286
2020-04-04 14:00:00+00:00,18,53.0,11.0,6.857142857142857
2020-04-05 14:00:00+00:00,19,67.0,14.0,8.142857142857142
2020-04-06 14:00:00+00:00,20,91.0,24.0,10.857142857142858
2020-04-07 14:00:00+00:00,21,103.0,12.0,12.142857142857142
2020-04-08 14:00:00+00:00,22,124.0,21.0,13.285714285714286
2020-04-09 14:00:00+00:00,23,138.0,14.0,14.571428571428571
2020-04-10 14:00:00+00:00,24,171.0,33.0,18.428571428571427
2020-04-11 14:00:00+00:00,25,206.0,35.0,21.857142857142858
2020-04-12 14:00:00+00:00,26,235.0,29.0,24.0
2020-04-13 14:00:00+00:00,27,262.0,27.0,24.428571428571427
2020-04-14 14:00:00+00:00,28,302.0,40.0,28.428571428571427
2020-04-15 14:00:00+00:00,29,349.0,47.0,32.142857142857146
2020-04-16 14:00:00+00:00,30,392.0,43.0,36.285714285714285
2020-04-17 14:00:00+00:00,31,425.0,33.0,36.285714285714285
2020-04-18 14:00:00+00:00,32,463.0,38.0,36.714285714285715
2020-04-19 14:00:00+00:00,33,486.0,23.0,35.857142857142854
2020-04-20 14:00:00+00:00,34,516.0,30.0,36.285714285714285
2020-04-21 14:00:00+00:00,35,584.0,68.0,40.285714285714285
2020-04-22 14:00:00+00:00,36,631.0,47.0,40.285714285714285
2020-04-23 14:00:00+00:00,37,680.0,49.0,41.142857142857146
2020-04-24 14:00:00+00:00,38,723.0,43.0,42.57142857142857
2020-04-25 14:00:00+00:00,39,797.0,74.0,47.714285714285715
2020-04-26 14:00:00+00:00,40,827.0,30.0,48.714285714285715
2020-04-27 14:00:00+00:00,41,858.0,31.0,48.857142857142854
2020-04-28 14:00:00+00:00,42,929.0,71.0,49.285714285714285
2020-04-29 14:00:00+00:00,43,985.0,56.0,50.57142857142857
2020-04-30 14:00:00+00:00,44,1047.0,62.0,52.42857142857143
2020-05-01 14:00:00+00:00,45,1098.0,51.0,53.57142857142857
2020-05-02 14:00:00+00:00,46,1156.0,58.0,51.285714285714285
2020-05-03 14:00:00+00:00,47,1182.0,26.0,50.714285714285715
2020-05-04 14:00:00+00:00,48,1216.0,34.0,51.142857142857146
2020-05-05 14:00:00+00:00,49,1290.0,74.0,51.57142857142857
2020-05-06 14:00:00+00:00,50,1338.0,48.0,50.42857142857143
2020-05-07 14:00:00+00:00,51,1401.0,63.0,50.57142857142857
2020-05-08 14:00:00+00:00,52,1453.0,52.0,50.714285714285715
2020-05-09 14:00:00+00:00,53,1510.0,57.0,50.57142857142857
2020-05-10 14:00:00+00:00,54,1538.0,28.0,50.857142857142854
2020-05-11 14:00:00+00:00,55,1573.0,35.0,51.0
2020-05-12 14:00:00+00:00,56,1643.0,70.0,50.42857142857143
2020-05-13 14:00:00+00:00,57,1694.0,51.0,50.857142857142854
2020-05-14 14:00:00+00:00,58,1748.0,54.0,49.57142857142857
2020-05-15 14:00:00+00:00,59,1792.0,44.0,48.42857142857143
2020-05-16 14:00:00+00:00,60,1842.0,50.0,47.42857142857143
2020-05-17 14:00:00+00:00,61,1876.0,34.0,48.285714285714285
2020-05-18 14:00:00+00:00,62,1903.0,27.0,47.142857142857146
2020-05-19 14:00:00+00:00,63,1963.0,60.0,45.714285714285715
2020-05-20 14:00:00+00:00,64,2004.0,41.0,44.285714285714285
2020-05-21 14:00:00+00:00,65,2045.0,41.0,42.42857142857143
2020-05-22 14:00:00+00:00,66,2092.0,47.0,42.857142857142854
2020-05-23 14:00:00+00:00,67,2130.0,38.0,41.142857142857146
2020-05-24 14:00:00+00:00,68,2162.0,32.0,40.857142857142854
2020-05-25 14:00:00+00:00,69,2187.0,25.0,40.57142857142857
2020-05-26 14:00:00+00:00,70,2217.0,30.0,36.285714285714285
2020-05-27 14:00:00+00:00,71,2270.0,53.0,38.0
2020-05-28 14:00:00+00:00,72,2307.0,37.0,37.42857142857143
2020-05-29 14:00:00+00:00,73,2348.0,41.0,36.57142857142857
2020-05-30 14:00:00+00:00,74,2390.0,42.0,37.142857142857146
2020-05-31 14:00:00+00:00,75,2411.0,21.0,35.57142857142857
2020-06-01 14:00:00+00:00,76,2431.0,20.0,34.857142857142854
2020-06-02 14:00:00+00:00,77,2474.0,43.0,36.714285714285715
2020-06-03 14:00:00+00:00,78,2519.0,45.0,35.57142857142857
2020-06-04 14:00:00+00:00,79,2546.0,27.0,34.142857142857146
2020-06-05 14:00:00+00:00,80,2580.0,34.0,33.142857142857146
2020-06-06 14:00:00+00:00,81,2616.0,36.0,32.285714285714285
2020-06-07 14:00:00+00:00,82,2625.0,9.0,30.571428571428573
2020-06-08 14:00:00+00:00,83,2653.0,28.0,31.714285714285715
2020-06-09 14:00:00+00:00,84,2686.0,33.0,30.285714285714285
2020-06-10 14:00:00+00:00,85,2719.0,33.0,28.571428571428573
2020-06-11 14:00:00+00:00,86,2750.0,31.0,29.142857142857142
2020-06-12 14:00:00+00:00,87,2773.0,23.0,27.571428571428573
2020-06-13 14:00:00+00:00,88,2799.0,26.0,26.142857142857142
2020-06-14 14:00:00+00:00,89,2811.0,12.0,26.571428571428573
2020-06-15 14:00:00+00:00,90,2817.0,6.0,23.428571428571427
2020-06-16 14:00:00+00:00,91,2851.0,34.0,23.571428571428573
2020-06-17 14:00:00+00:00,92,2866.0,15.0,21.0
2020-06-18 14:00:00+00:00,93,2886.0,20.0,19.428571428571427
2020-06-19 14:00:00+00:00,94,2901.0,15.0,18.285714285714285
2020-06-20 14:00:00+00:00,95,2923.0,22.0,17.714285714285715
2020-06-21 14:00:00+00:00,96,2937.0,14.0,18.0
2020-06-22 14:00:00+00:00,97,2945.0,8.0,18.285714285714285
2020-06-23 14:00:00+00:00,98,2963.0,18.0,16.0
2020-06-24 14:00:00+00:00,99,2978.0,15.0,16.0
2020-06-25 14:00:00+00:00,100,3001.0,23.0,16.428571428571427
2020-06-26 14:00:00+00:00,101,3015.0,14.0,16.285714285714285
2020-06-27 14:00:00+00:00,102,3030.0,15.0,15.285714285714286
2020-06-28 14:00:00+00:00,103,3042.0,12.0,15.0
2020-06-29 14:00:00+00:00,104,3048.0,6.0,14.714285714285714
2020-06-30 14:00:00+00:00,105,3062.0,14.0,14.142857142857142
2020-07-01 14:00:00+00:00,106,3077.0,15.0,14.142857142857142
2020-07-02 14:00:00+00:00,107,3086.0,9.0,12.142857142857142
2020-07-03 14:00:00+00:00,108,3099.0,13.0,12.0
2020-07-04 14:00:00+00:00,109,3111.0,12.0,11.571428571428571
2020-07-05 14:00:00+00:00,110,3118.0,7.0,10.857142857142858
2020-07-06 14:00:00+00:00,111,3121.0,3.0,10.428571428571429
2020-07-07 14:00:00+00:00,112,3140.0,19.0,11.142857142857142
2020-07-08 14:00:00+00:00,113,3149.0,9.0,10.285714285714286
2020-07-09 14:00:00+00:00,114,3160.0,11.0,10.571428571428571
2020-07-10 14:00:00+00:00,115,3172.0,12.0,10.428571428571429
2020-07-11 14:00:00+00:00,116,3179.0,7.0,9.714285714285714
2020-07-12 14:00:00+00:00,117,3188.0,9.0,10.0
2020-07-13 14:00:00+00:00,118,3194.0,6.0,10.428571428571429
2020-07-14 14:00:00+00:00,119,3202.0,8.0,8.857142857142858
2020-07-15 14:00:00+00:00,120,3209.0,7.0,8.571428571428571
2020-07-16 14:00:00+00:00,121,3215.0,6.0,7.857142857142857
2020-07-17 14:00:00+00:00,122,3227.0,12.0,7.857142857142857
2020-07-18 14:00:00+00:00,123,3238.0,11.0,8.428571428571429
2020-07-19 14:00:00+00:00,124,3247.0,9.0,8.428571428571429
2020-07-20 14:00:00+00:00,125,3252.0,5.0,8.285714285714286
2020-07-21 14:00:00+00:00,126,3272.0,20.0,10.0
2020-07-22 14:00:00+00:00,127,3276.0,4.0,9.571428571428571
2020-07-23 14:00:00+00:00,128,3281.0,5.0,9.428571428571429
2020-07-24 14:00:00+00:00,129,3293.0,12.0,9.428571428571429
2020-07-25 14:00:00+00:00,130,3304.0,11.0,9.428571428571429
2020-07-26 14:00:00+00:00,131,3309.0,5.0,8.857142857142858
2020-07-27 14:00:00+00:00,132,3315.0,6.0,9.0
2020-07-28 14:00:00+00:00,133,3327.0,12.0,7.857142857142857
2020-07-29 14:00:00+00:00,134,3347.0,20.0,10.142857142857142
2020-07-30 14:00:00+00:00,135,3357.0,10.0,10.857142857142858
2020-07-31 14:00:00+00:00,136,3362.0,5.0,9.857142857142858
2020-08-01 14:00:00+00:00,137,3374.0,12.0,10.0
2020-08-02 14:00:00+00:00,138,3381.0,7.0,10.285714285714286
2020-08-03 14:00:00+00:00,139,3389.0,8.0,10.571428571428571
2020-08-04 14:00:00+00:00,140,3396.0,7.0,9.857142857142858
2020-08-05 14:00:00+00:00,141,3402.0,6.0,7.857142857142857
2020-08-06 14:00:00+00:00,142,3415.0,13.0,8.285714285714286
2020-08-07 14:00:00+00:00,143,3429.0,14.0,9.571428571428571
2020-08-08 14:00:00+00:00,144,3440.0,11.0,9.428571428571429
2020-08-09 14:00:00+00:00,145,3448.0,8.0,9.571428571428571
2020-08-10 14:00:00+00:00,146,3454.0,6.0,9.285714285714286
2020-08-11 14:00:00+00:00,147,3467.0,13.0,10.142857142857142
2020-08-12 14:00:00+00:00,148,3474.0,7.0,10.285714285714286
2020-08-13 14:00:00+00:00,149,3483.0,9.0,9.714285714285714
2020-08-14 14:00:00+00:00,150,3495.0,12.0,9.428571428571429
2020-08-15 14:00:00+00:00,151,3499.0,4.0,8.428571428571429
2020-08-16 14:00:00+00:00,152,3502.0,3.0,7.714285714285714
2020-08-17 14:00:00+00:00,153,3504.0,2.0,7.142857142857143
2020-08-18 14:00:00+00:00,154,3511.0,7.0,6.285714285714286
2020-08-19 14:00:00+00:00,155,3522.0,11.0,6.857142857142857
2020-08-20 14:00:00+00:00,156,3531.0,9.0,6.857142857142857
2020-08-21 14:00:00+00:00,157,3536.0,5.0,5.857142857142857
2020-08-22 14:00:00+00:00,158,3546.0,10.0,6.714285714285714
2020-08-23 14:00:00+00:00,159,3552.0,6.0,7.142857142857143
2020-08-24 14:00:00+00:00,160,3554.0,2.0,7.142857142857143
2020-08-25 14:00:00+00:00,161,3564.0,10.0,7.571428571428571
2020-08-26 14:00:00+00:00,162,3574.0,10.0,7.428571428571429
2020-08-27 14:00:00+00:00,163,3580.0,6.0,7.0
2020-08-28 14:00:00+00:00,164,3593.0,13.0,8.142857142857142
2020-08-29 14:00:00+00:00,165,3603.0,10.0,8.142857142857142
2020-08-30 14:00:00+00:00,166,3609.0,6.0,8.142857142857142
2020-08-31 14:00:00+00:00,167,3612.0,3.0,8.285714285714286
2020-09-01 14:00:00+00:00,168,3617.0,5.0,7.571428571428571
2020-09-02 14:00:00+00:00,169,3623.0,6.0,7.0
2020-09-03 14:00:00+00:00,170,3634.0,11.0,7.714285714285714
2020-09-04 14:00:00+00:00,171,3645.0,11.0,7.428571428571429
2020-09-05 14:00:00+00:00,172,3652.0,7.0,7.0
2020-09-06 14:00:00+00:00,173,3655.0,3.0,6.571428571428571
2020-09-07 14:00:00+00:00,174,3660.0,5.0,6.857142857142857
2020-09-08 14:00:00+00:00,175,3663.0,3.0,6.571428571428571
2020-09-09 14:00:00+00:00,176,3672.0,9.0,7.0
2020-09-10 14:00:00+00:00,177,3679.0,7.0,6.428571428571429
2020-09-11 14:00:00+00:00,178,3685.0,6.0,5.714285714285714
2020-09-12 14:00:00+00:00,179,3693.0,8.0,5.857142857142857
2020-09-13 14:00:00+00:00,180,3695.0,2.0,5.714285714285714
2020-09-14 14:00:00+00:00,181,3696.0,1.0,5.142857142857143
2020-09-15 14:00:00+00:00,182,3706.0,10.0,6.142857142857143
2020-09-16 14:00:00+00:00,183,3712.0,6.0,5.714285714285714
2020-09-17 14:00:00+00:00,184,3717.0,5.0,5.428571428571429
2020-09-18 14:00:00+00:00,185,3724.0,7.0,5.571428571428571
2020-09-19 14:00:00+00:00,186,3732.0,8.0,5.571428571428571
2020-09-20 14:00:00+00:00,187,3735.0,3.0,5.714285714285714
2020-09-21 14:00:00+00:00,188,3739.0,4.0,6.142857142857143
2020-09-22 14:00:00+00:00,189,3748.0,9.0,6.0
2020-09-23 14:00:00+00:00,190,3756.0,8.0,6.285714285714286
2020-09-24 14:00:00+00:00,191,3765.0,9.0,6.857142857142857
2020-09-25 14:00:00+00:00,192,3772.0,7.0,6.857142857142857
2020-09-26 14:00:00+00:00,193,3780.0,8.0,6.857142857142857
2020-09-27 14:00:00+00:00,194,3790.0,10.0,7.857142857142857
2020-09-28 14:00:00+00:00,195,3793.0,3.0,7.714285714285714
2020-09-29 14:00:00+00:00,196,3802.0,9.0,7.714285714285714
2020-09-30 14:00:00+00:00,197,3805.0,3.0,7.0
2020-10-01 14:00:00+00:00,198,3805.0,0.0,5.714285714285714
2020-10-02 14:00:00+00:00,199,3806.0,1.0,4.857142857142857
2020-10-03 14:00:00+00:00,200,3813.0,7.0,4.714285714285714
2020-10-04 14:00:00+00:00,201,3814.0,1.0,3.4285714285714284
2020-10-05 14:00:00+00:00,202,3817.0,3.0,3.4285714285714284
2020-10-06 14:00:00+00:00,203,3823.0,6.0,3.0
2020-10-07 14:00:00+00:00,204,3829.0,6.0,3.4285714285714284
2020-10-08 14:00:00+00:00,205,3835.0,6.0,4.285714285714286
2020-10-09 14:00:00+00:00,206,3845.0,10.0,5.571428571428571
2020-10-10 14:00:00+00:00,207,3850.0,5.0,5.285714285714286
2020-10-11 14:00:00+00:00,208,3854.0,4.0,5.714285714285714
2020-10-12 14:00:00+00:00,209,3859.0,5.0,6.0
2020-10-13 14:00:00+00:00,210,3868.0,9.0,6.428571428571429
2020-10-14 14:00:00+00:00,211,3877.0,9.0,6.857142857142857
2020-10-15 14:00:00+00:00,212,3883.0,6.0,6.857142857142857
2020-10-16 14:00:00+00:00,213,3887.0,4.0,6.0
2020-10-17 14:00:00+00:00,214,3891.0,4.0,5.857142857142857
2020-10-18 14:00:00+00:00,215,3891.0,0.0,5.285714285714286
2020-10-19 14:00:00+00:00,216,3895.0,4.0,5.142857142857143
2020-10-20 14:00:00+00:00,217,3904.0,9.0,5.142857142857143
2020-10-21 14:00:00+00:00,218,3912.0,8.0,5.0
2020-10-22 14:00:00+00:00,219,3924.0,12.0,5.857142857142857
2020-10-23 14:00:00+00:00,220,3932.0,8.0,6.428571428571429
2020-10-24 14:00:00+00:00,221,3945.0,13.0,7.714285714285714
2020-10-25 14:00:00+00:00,222,3950.0,5.0,8.428571428571429
2020-10-26 14:00:00+00:00,223,3953.0,3.0,8.285714285714286
2020-10-27 14:00:00+00:00,224,3962.0,9.0,8.285714285714286
2020-10-28 14:00:00+00:00,225,3969.0,7.0,8.142857142857142
2020-10-29 14:00:00+00:00,226,3980.0,11.0,8.0
2020-10-30 14:00:00+00:00,227,3990.0,10.0,8.285714285714286
2020-10-31 14:00:00+00:00,228,4000.0,10.0,7.857142857142857
2020-11-01 15:00:00+00:00,229,4004.0,4.0,7.714285714285714
2020-11-02 15:00:00+00:00,230,4007.0,3.0,7.714285714285714
2020-11-03 15:00:00+00:00,231,4015.0,8.0,7.571428571428571
2020-11-04 15:00:00+00:00,232,4025.0,10.0,8.0
2020-11-05 15:00:00+00:00,233,4035.0,10.0,7.857142857142857
2020-11-06 15:00:00+00:00,234,4046.0,11.0,8.0
2020-11-07 15:00:00+00:00,235,4052.0,6.0,7.428571428571429
2020-11-08 15:00:00+00:00,236,4063.0,11.0,8.428571428571429
2020-11-09 15:00:00+00:00,237,4072.0,9.0,9.285714285714286
2020-11-10 15:00:00+00:00,238,4084.0,12.0,9.857142857142858
2020-11-11 15:00:00+00:00,239,4100.0,16.0,10.714285714285714
2020-11-12 15:00:00+00:00,240,4112.0,12.0,11.0
2020-11-13 15:00:00+00:00,241,4124.0,12.0,11.142857142857142
2020-11-14 15:00:00+00:00,242,4144.0,20.0,13.142857142857142
2020-11-15 15:00:00+00:00,243,4153.0,9.0,12.857142857142858
2020-11-16 15:00:00+00:00,244,4160.0,7.0,12.571428571428571
2020-11-17 15:00:00+00:00,245,4186.0,26.0,14.571428571428571
2020-11-18 15:00:00+00:00,246,4201.0,15.0,14.428571428571429
2020-11-19 15:00:00+00:00,247,4220.0,19.0,15.428571428571429
2020-11-20 15:00:00+00:00,248,4245.0,25.0,17.285714285714285
2020-11-21 15:00:00+00:00,249,4261.0,16.0,16.714285714285715
2020-11-22 15:00:00+00:00,250,4279.0,18.0,18.0
2020-11-23 15:00:00+00:00,251,4293.0,14.0,19.0
2020-11-24 15:00:00+00:00,252,4325.0,32.0,19.857142857142858
2020-11-25 15:00:00+00:00,253,4363.0,38.0,23.142857142857142
2020-11-26 15:00:00+00:00,254,4392.0,29.0,24.571428571428573
2020-11-27 15:00:00+00:00,255,4414.0,22.0,24.142857142857142
2020-11-28 15:00:00+00:00,256,4447.0,33.0,26.571428571428573
2020-11-29 15:00:00+00:00,257,4470.0,23.0,27.285714285714285
2020-11-30 15:00:00+00:00,258,4486.0,16.0,27.571428571428573
2020-12-01 15:00:00+00:00,259,4516.0,30.0,27.285714285714285
2020-12-02 15:00:00+00:00,260,4558.0,42.0,27.857142857142858
2020-12-03 15:00:00+00:00,261,4606.0,48.0,30.571428571428573
2020-12-04 15:00:00+00:00,262,4630.0,24.0,30.857142857142858
2020-12-05 15:00:00+00:00,263,4659.0,29.0,30.285714285714285
2020-12-06 15:00:00+00:00,264,4685.0,26.0,30.714285714285715
2020-12-07 15:00:00+00:00,265,4705.0,20.0,31.285714285714285
2020-12-08 15:00:00+00:00,266,4755.0,50.0,34.142857142857146
2020-12-09 15:00:00+00:00,267,4801.0,46.0,34.714285714285715
2020-12-10 15:00:00+00:00,268,4850.0,49.0,34.857142857142854
2020-12-11 15:00:00+00:00,269,4901.0,51.0,38.714285714285715
2020-12-12 15:00:00+00:00,270,4937.0,36.0,39.714285714285715
2020-12-13 15:00:00+00:00,271,4954.0,17.0,38.42857142857143
2020-12-14 15:00:00+00:00,272,4978.0,24.0,39.0
2020-12-15 15:00:00+00:00,273,5039.0,61.0,40.57142857142857
2020-12-16 15:00:00+00:00,274,5103.0,64.0,43.142857142857146
2020-12-17 15:00:00+00:00,275,5152.0,49.0,43.142857142857146
2020-12-18 15:00:00+00:00,276,5188.0,36.0,41.0
2020-12-19 15:00:00+00:00,277,5242.0,54.0,43.57142857142857
2020-12-20 15:00:00+00:00,278,5279.0,37.0,46.42857142857143
2020-12-21 15:00:00+00:00,279,5302.0,23.0,46.285714285714285
2020-12-22 15:00:00+00:00,280,5353.0,51.0,44.857142857142854
2020-12-23 15:00:00+00:00,281,5402.0,49.0,42.714285714285715
2020-12-24 15:00:00+00:00,282,5462.0,60.0,44.285714285714285
2020-12-25 15:00:00+00:00,283,5493.0,31.0,43.57142857142857
2020-12-26 15:00:00+00:00,284,5514.0,21.0,38.857142857142854
2020-12-27 15:00:00+00:00,285,5545.0,31.0,38.0
2020-12-28 15:00:00+00:00,286,5573.0,28.0,38.714285714285715
2020-12-29 15:00:00+00:00,287,5636.0,63.0,40.42857142857143
2020-12-30 15:00:00+00:00,288,5681.0,45.0,39.857142857142854
2020-12-31 15:00:00+00:00,289,5727.0,46.0,37.857142857142854
2021-01-01 15:00:00+00:00,290,5774.0,47.0,40.142857142857146
2021-01-02 15:00:00+00:00,291,5799.0,25.0,40.714285714285715
2021-01-03 15:00:00+00:00,292,5826.0,27.0,40.142857142857146
2021-01-04 15:00:00+00:00,293,5859.0,33.0,40.857142857142854
2021-01-05 15:00:00+00:00,294,5913.0,54.0,39.57142857142857
2021-01-06 15:00:00+00:00,295,5960.0,47.0,39.857142857142854
2021-01-07 15:00:00+00:00,296,6004.0,44.0,39.57142857142857
2021-01-08 15:00:00+00:00,297,6047.0,43.0,39.0
2021-01-09 15:00:00+00:00,298,6075.0,28.0,39.42857142857143
2021-01-10 15:00:00+00:00,299,6100.0,25.0,39.142857142857146
2021-01-11 15:00:00+00:00,300,6129.0,29.0,38.57142857142857
2021-01-12 15:00:00+00:00,301,6196.0,67.0,40.42857142857143
2021-01-13 15:00:00+00:00,302,6233.0,37.0,39.0
2021-01-14 15:00:00+00:00,303,6277.0,44.0,39.0
2021-01-15 15:00:00+00:00,304,6322.0,45.0,39.285714285714285
2021-01-16 15:00:00+00:00,305,6369.0,47.0,42.0
2021-01-17 15:00:00+00:00,306,6394.0,25.0,42.0
2021-01-18 15:00:00+00:00,307,6423.0,29.0,42.0
2021-01-19 15:00:00+00:00,308,6476.0,53.0,40.0
2021-01-20 15:00:00+00:00,309,6514.0,38.0,40.142857142857146
2021-01-21 15:00:00+00:00,310,6560.0,46.0,40.42857142857143
2021-01-22 15:00:00+00:00,311,6617.0,57.0,42.142857142857146
2021-01-23 15:00:00+00:00,312,6662.0,45.0,41.857142857142854
2021-01-24 15:00:00+00:00,313,6690.0,28.0,42.285714285714285
2021-01-25 15:00:00+00:00,314,6726.0,36.0,43.285714285714285
2021-01-26 15:00:00+00:00,315,6788.0,62.0,44.57142857142857
2021-01-27 15:00:00+00:00,316,6821.0,33.0,43.857142857142854
2021-01-28 15:00:00+00:00,317,6861.0,40.0,43.0
2021-01-29 15:00:00+00:00,318,6900.0,39.0,40.42857142857143
2021-01-30 15:00:00+00:00,319,6931.0,31.0,38.42857142857143
2021-01-31 15:00:00+00:00,320,6951.0,20.0,37.285714285714285
2021-02-01 15:00:00+00:00,321,6978.0,27.0,36.0
2021-02-02 15:00:00+00:00,322,7012.0,34.0,32.0
2021-02-03 15:00:00+00:00,323,7043.0,31.0,31.714285714285715
2021-02-04 15:00:00+00:00,324,7074.0,31.0,30.428571428571427
2021-02-05 15:00:00+00:00,325,7109.0,35.0,29.857142857142858
2021-02-06 15:00:00+00:00,326,7150.0,41.0,31.285714285714285
2021-02-07 15:00:00+00:00,327,7170.0,20.0,31.285714285714285
2021-02-08 15:00:00+00:00,328,7193.0,23.0,30.714285714285715
2021-02-09 15:00:00+00:00,329,7234.0,41.0,31.714285714285715
2021-02-10 15:00:00+00:00,330,7267.0,33.0,32.0
2021-02-11 15:00:00+00:00,331,7288.0,21.0,30.571428571428573
2021-02-12 15:00:00+00:00,332,7324.0,36.0,30.714285714285715
2021-02-13 15:00:00+00:00,333,7356.0,32.0,29.428571428571427
2021-02-14 15:00:00+00:00,334,7374.0,18.0,29.142857142857142
2021-02-15 15:00:00+00:00,335,7400.0,26.0,29.571428571428573
2021-02-16 15:00:00+00:00,336,7430.0,30.0,28.0
2021-02-17 15:00:00+00:00,337,7449.0,19.0,26.0
2021-02-18 15:00:00+00:00,338,7479.0,30.0,27.285714285714285
2021-02-19 15:00:00+00:00,339,7495.0,16.0,24.428571428571427
2021-02-20 15:00:00+00:00,340,7515.0,20.0,22.714285714285715
2021-02-21 15:00:00+00:00,341,7533.0,18.0,22.714285714285715
2021-02-22 15:00:00+00:00,342,7550.0,17.0,21.428571428571427
2021-02-23 15:00:00+00:00,343,7580.0,30.0,21.428571428571427
2021-02-24 15:00:00+00:00,344,7607.0,27.0,22.571428571428573
2021-02-25 15:00:00+00:00,345,7623.0,16.0,20.571428571428573
2021-02-26 15:00:00+00:00,346,7656.0,33.0,23.0
2021-02-27 15:00:00+00:00,347,7674.0,18.0,22.714285714285715
2021-02-28 15:00:00+00:00,348,7687.0,13.0,22.0
2021-03-01 15:00:00+00:00,349,7697.0,10.0,21.0
2021-03-02 15:00:00+00:00,350,7723.0,26.0,20.428571428571427
2021-03-03 15:00:00+00:00,351,7737.0,14.0,18.571428571428573
2021-03-04 15:00:00+00:00,352,7740.0,3.0,16.714285714285715
2021-03-05 15:00:00+00:00,353,7748.0,8.0,13.142857142857142
2021-03-06 15:00:00+00:00,354,7759.0,11.0,12.142857142857142
2021-03-07 15:00:00+00:00,355,7773.0,14.0,12.285714285714286
2021-03-08 15:00:00+00:00,356,7781.0,8.0,12.0
2021-03-09 15:00:00+00:00,357,7806.0,25.0,11.857142857142858
2021-03-10 15:00:00+00:00,358,7820.0,14.0,11.857142857142858
2021-03-11 15:00:00+00:00,359,7832.0,12.0,13.142857142857142
2021-03-12 15:00:00+00:00,360,7848.0,16.0,14.285714285714286
2021-03-13 15:00:00+00:00,361,7856.0,8.0,13.857142857142858
2021-03-14 14:00:00+00:00,362,7866.0,10.0,13.285714285714286
2021-03-15 14:00:00+00:00,363,7873.0,7.0,13.142857142857142
2021-03-16 14:00:00+00:00,364,7896.0,23.0,12.857142857142858
2021-03-17 14:00:00+00:00,365,7915.0,19.0,13.571428571428571
2021-03-18 14:00:00+00:00,366,7929.0,14.0,13.857142857142858
2021-03-19 14:00:00+00:00,367,7947.0,18.0,14.142857142857142
2021-03-20 14:00:00+00:00,368,7973.0,26.0,16.714285714285715
2021-03-21 14:00:00+00:00,369,7985.0,12.0,17.0
2021-03-22 14:00:00+00:00,370,7999.0,14.0,18.0
2021-03-23 14:00:00+00:00,371,8010.0,11.0,16.285714285714285
2021-03-24 14:00:00+00:00,372,8029.0,19.0,16.285714285714285
2021-03-25 14:00:00+00:00,373,8032.0,3.0,14.714285714285714
2021-03-26 14:00:00+00:00,374,8047.0,15.0,14.285714285714286
2021-03-27 14:00:00+00:00,375,8061.0,14.0,12.571428571428571
2021-03-28 14:00:00+00:00,376,8066.0,5.0,11.571428571428571
2021-03-29 14:00:00+00:00,377,8075.0,9.0,10.857142857142858
2021-03-30 14:00:00+00:00,378,8088.0,13.0,11.142857142857142
2021-03-31 14:00:00+00:00,379,8101.0,13.0,10.285714285714286
2021-04-01 14:00:00+00:00,380,8118.0,17.0,12.285714285714286
2021-04-02 14:00:00+00:00,381,8134.0,16.0,12.428571428571429
2021-04-03 14:00:00+00:00,382,8157.0,23.0,13.714285714285714
2021-04-04 14:00:00+00:00,383,8165.0,8.0,14.142857142857142
2021-04-05 14:00:00+00:00,384,8177.0,12.0,14.571428571428571
2021-04-06 14:00:00+00:00,385,8192.0,15.0,14.857142857142858
2021-04-07 14:00:00+00:00,386,8203.0,11.0,14.571428571428571
2021-04-08 14:00:00+00:00,387,8224.0,21.0,15.142857142857142
2021-04-09 14:00:00+00:00,388,8238.0,14.0,14.857142857142858
2021-04-10 14:00:00+00:00,389,8258.0,20.0,14.428571428571429
2021-04-11 14:00:00+00:00,390,8269.0,11.0,14.857142857142858
2021-04-12 14:00:00+00:00,391,8284.0,15.0,15.285714285714286
2021-04-13 14:00:00+00:00,392,8298.0,14.0,15.142857142857142
2021-04-14 14:00:00+00:00,393,8307.0,9.0,14.857142857142858
2021-04-15 14:00:00+00:00,394,8326.0,19.0,14.571428571428571
2021-04-16 14:00:00+00:00,395,8342.0,16.0,14.857142857142858
2021-04-17 14:00:00+00:00,396,8359.0,17.0,14.428571428571429
2021-04-18 14:00:00+00:00,397,8376.0,17.0,15.285714285714286
2021-04-19 14:00:00+00:00,398,8387.0,11.0,14.714285714285714
2021-04-20 14:00:00+00:00,399,8406.0,19.0,15.428571428571429
2021-04-21 14:00:00+00:00,400,8419.0,13.0,16.0
2021-04-22 14:00:00+00:00,401,8439.0,20.0,16.142857142857142
2021-04-23 14:00:00+00:00,402,8447.0,8.0,15.0
2021-04-24 14:00:00+00:00,403,8462.0,15.0,14.714285714285714
2021-04-25 14:00:00+00:00,404,8475.0,13.0,14.142857142857142
2021-04-26 14:00:00+00:00,405,8483.0,8.0,13.714285714285714
2021-04-27 14:00:00+00:00,406,8501.0,18.0,13.571428571428571
2021-04-28 14:00:00+00:00,407,8521.0,20.0,14.571428571428571
2021-04-29 14:00:00+00:00,408,8530.0,9.0,13.0
2021-04-30 14:00:00+00:00,409,8555.0,25.0,15.428571428571429
2021-05-01 14:00:00+00:00,410,8575.0,20.0,16.142857142857142
2021-05-02 14:00:00+00:00,411,8585.0,10.0,15.714285714285714
2021-05-03 14:00:00+00:00,412,8605.0,20.0,17.428571428571427
2021-05-04 14:00:00+00:00,413,8612.0,7.0,15.857142857142858
2021-05-05 14:00:00+00:00,414,8622.0,10.0,14.428571428571429
2021-05-06 14:00:00+00:00,415,8631.0,9.0,14.428571428571429
2021-05-07 14:00:00+00:00,416,8642.0,11.0,12.428571428571429
2021-05-08 14:00:00+00:00,417,8652.0,10.0,11.0
2021-05-09 14:00:00+00:00,418,8660.0,8.0,10.714285714285714
2021-05-10 14:00:00+00:00,419,8670.0,10.0,9.285714285714286
2021-05-11 14:00:00+00:00,420,8678.0,8.0,9.428571428571429
2021-05-12 14:00:00+00:00,421,8687.0,9.0,9.285714285714286
2021-05-13 14:00:00+00:00,422,8704.0,17.0,10.428571428571429
2021-05-14 14:00:00+00:00,423,8716.0,12.0,10.571428571428571
2021-05-15 14:00:00+00:00,424,8733.0,17.0,11.571428571428571
2021-05-16 14:00:00+00:00,425,8737.0,4.0,11.0
2021-05-17 14:00:00+00:00,426,8740.0,3.0,10.0
2021-05-18 14:00:00+00:00,427,8754.0,14.0,10.857142857142858
2021-05-19 14:00:00+00:00,428,8766.0,12.0,11.285714285714286
2021-05-20 14:00:00+00:00,429,8768.0,2.0,9.142857142857142
2021-05-21 14:00:00+00:00,430,8782.0,14.0,9.428571428571429
2021-05-22 14:00:00+00:00,431,8799.0,17.0,9.428571428571429
2021-05-23 14:00:00+00:00,432,8816.0,17.0,11.285714285714286
2021-05-24 14:00:00+00:00,433,8831.0,15.0,13.0
2021-05-25 14:00:00+00:00,434,8838.0,7.0,12.0
2021-05-26 14:00:00+00:00,435,8846.0,8.0,11.428571428571429
2021-05-27 14:00:00+00:00,436,9368.0,522.0,85.71428571428571
2021-05-28 14:00:00+00:00,437,9380.0,12.0,85.42857142857143
2021-05-29 14:00:00+00:00,438,9387.0,7.0,84.0
2021-05-30 14:00:00+00:00,439,9395.0,8.0,82.71428571428571
2021-05-31 14:00:00+00:00,440,9402.0,7.0,81.57142857142857
2021-06-01 14:00:00+00:00,441,9404.0,2.0,80.85714285714286
2021-06-02 14:00:00+00:00,442,9410.0,6.0,80.57142857142857
2021-06-03 14:00:00+00:00,443,9414.0,4.0,6.571428571428571
2021-06-04 14:00:00+00:00,444,9417.0,3.0,5.285714285714286
2021-06-05 14:00:00+00:00,445,9426.0,9.0,5.571428571428571
2021-06-06 14:00:00+00:00,446,9431.0,5.0,5.142857142857143
2021-06-07 14:00:00+00:00,447,9435.0,4.0,4.714285714285714
2021-06-08 14:00:00+00:00,448,9438.0,3.0,4.857142857142857
2021-06-09 14:00:00+00:00,449,9442.0,4.0,4.571428571428571
2021-06-10 14:00:00+00:00,450,9450.0,8.0,5.142857142857143
2021-06-11 14:00:00+00:00,451,9459.0,9.0,6.0
2021-06-12 14:00:00+00:00,452,9464.0,5.0,5.428571428571429
2021-06-13 14:00:00+00:00,453,9466.0,2.0,5.0
2021-06-14 14:00:00+00:00,454,9468.0,2.0,4.714285714285714
2021-06-15 14:00:00+00:00,455,9472.0,4.0,4.857142857142857
2021-06-16 14:00:00+00:00,456,9478.0,6.0,5.142857142857143
2021-06-17 14:00:00+00:00,457,9481.0,3.0,4.428571428571429
2021-06-18 14:00:00+00:00,458,9486.0,5.0,3.857142857142857
2021-06-19 14:00:00+00:00,459,9490.0,4.0,3.7142857142857144
2021-06-20 14:00:00+00:00,460,9490.0,0.0,3.4285714285714284
2021-06-21 14:00:00+00:00,461,9490.0,0.0,3.142857142857143
2021-06-22 14:00:00+00:00,462,9498.0,8.0,3.7142857142857144
2021-06-23 14:00:00+00:00,463,9505.0,7.0,3.857142857142857
2021-06-24 14:00:00+00:00,464,9512.0,7.0,4.428571428571429
2021-06-25 14:00:00+00:00,465,9513.0,1.0,3.857142857142857
2021-06-26 14:00:00+00:00,466,9517.0,4.0,3.857142857142857
2021-06-27 14:00:00+00:00,467,9520.0,3.0,4.285714285714286
2021-06-28 14:00:00+00:00,468,9522.0,2.0,4.571428571428571
2021-06-29 14:00:00+00:00,469,9523.0,1.0,3.5714285714285716
2021-06-30 14:00:00+00:00,470,9524.0,1.0,2.7142857142857144
2021-07-01 14:00:00+00:00,471,9527.0,3.0,2.142857142857143
2021-07-02 14:00:00+00:00,472,9529.0,2.0,2.2857142857142856
2021-07-03 14:00:00+00:00,473,9532.0,3.0,2.142857142857143
2021-07-04 14:00:00+00:00,474,9532.0,0.0,1.7142857142857142
2021-07-05 14:00:00+00:00,475,9534.0,2.0,1.7142857142857142
2021-07-06 14:00:00+00:00,476,9537.0,3.0,2.0
2021-07-07 14:00:00+00:00,477,9538.0,1.0,2.0
2021-07-08 14:00:00+00:00,478,9541.0,3.0,2.0
2021-07-09 14:00:00+00:00,479,9544.0,3.0,2.142857142857143
2021-07-10 14:00:00+00:00,480,9545.0,1.0,1.8571428571428572
2021-07-11 14:00:00+00:00,481,9545.0,0.0,1.8571428571428572
2021-07-12 14:00:00+00:00,482,9544.0,-1.0,1.4285714285714286
2021-07-13 14:00:00+00:00,483,9548.0,4.0,1.5714285714285714
2021-07-14 14:00:00+00:00,484,9552.0,4.0,2.0
2021-07-15 14:00:00+00:00,485,9556.0,4.0,2.142857142857143
2021-07-16 14:00:00+00:00,486,9561.0,5.0,2.4285714285714284
2021-07-17 14:00:00+00:00,487,9563.0,2.0,2.5714285714285716
2021-07-18 14:00:00+00:00,488,9564.0,1.0,2.7142857142857144
2021-07-19 14:00:00+00:00,489,9565.0,1.0,3.0
2021-07-20 14:00:00+00:00,490,9569.0,4.0,3.0
2021-07-21 14:00:00+00:00,491,9573.0,4.0,3.0
2021-07-22 14:00:00+00:00,492,9579.0,6.0,3.2857142857142856
2021-07-23 14:00:00+00:00,493,9582.0,3.0,3.0
2021-07-24 14:00:00+00:00,494,9587.0,5.0,3.4285714285714284
2021-07-25 14:00:00+00:00,495,9588.0,1.0,3.4285714285714284
2021-07-26 14:00:00+00:00,496,9589.0,1.0,3.4285714285714284
2021-07-27 14:00:00+00:00,497,9591.0,2.0,3.142857142857143
2021-07-28 14:00:00+00:00,498,9594.0,3.0,3.0
2021-07-29 14:00:00+00:00,499,9599.0,5.0,2.857142857142857
2021-07-30 14:00:00+00:00,500,9599.0,0.0,2.4285714285714284
2021-07-31 14:00:00+00:00,501,9606.0,7.0,2.7142857142857144
2021-08-01 14:00:00+00:00,502,9609.0,3.0,3.0
2021-08-02 14:00:00+00:00,503,9609.0,0.0,2.857142857142857
2021-08-03 14:00:00+00:00,504,9615.0,6.0,3.4285714285714284
2021-08-04 14:00:00+00:00,505,9620.0,5.0,3.7142857142857144
2021-08-05 14:00:00+00:00,506,9622.0,2.0,3.2857142857142856
2021-08-06 14:00:00+00:00,507,9626.0,4.0,3.857142857142857
2021-08-07 14:00:00+00:00,508,9629.0,3.0,3.2857142857142856
2021-08-08 14:00:00+00:00,509,9637.0,8.0,4.0
2021-08-09 14:00:00+00:00,510,9641.0,4.0,4.571428571428571
2021-08-10 14:00:00+00:00,511,9648.0,7.0,4.714285714285714
2021-08-11 14:00:00+00:00,512,9649.0,1.0,4.142857142857143
2021-08-12 14:00:00+00:00,513,9652.0,3.0,4.285714285714286
2021-08-13 14:00:00+00:00,514,9657.0,5.0,4.428571428571429
2021-08-14 14:00:00+00:00,515,9666.0,9.0,5.285714285714286
2021-08-15 14:00:00+00:00,516,9670.0,4.0,4.714285714285714
2021-08-16 14:00:00+00:00,517,9675.0,5.0,4.857142857142857
2021-08-17 14:00:00+00:00,518,9678.0,3.0,4.285714285714286
2021-08-18 14:00:00+00:00,519,9686.0,8.0,5.285714285714286
2021-08-19 14:00:00+00:00,520,9695.0,9.0,6.142857142857143
2021-08-20 14:00:00+00:00,521,9701.0,6.0,6.285714285714286
2021-08-21 14:00:00+00:00,522,9716.0,15.0,7.142857142857143
2021-08-22 14:00:00+00:00,523,9721.0,5.0,7.285714285714286
2021-08-23 14:00:00+00:00,524,9726.0,5.0,7.285714285714286
2021-08-24 14:00:00+00:00,525,9734.0,8.0,8.0
2021-08-25 14:00:00+00:00,526,9745.0,11.0,8.428571428571429
2021-08-26 14:00:00+00:00,527,9741.0,-4.0,6.571428571428571
2021-08-27 14:00:00+00:00,528,9748.0,7.0,6.714285714285714
2021-08-28 14:00:00+00:00,529,9760.0,12.0,6.285714285714286
2021-08-29 14:00:00+00:00,530,9772.0,12.0,7.285714285714286
2021-08-30 14:00:00+00:00,531,9781.0,9.0,7.857142857142857
2021-08-31 14:00:00+00:00,532,9791.0,10.0,8.142857142857142
2021-09-01 14:00:00+00:00,533,9801.0,10.0,8.0
2021-09-02 14:00:00+00:00,534,9817.0,16.0,10.857142857142858
2021-09-03 14:00:00+00:00,535,9827.0,10.0,11.285714285714286
2021-09-04 14:00:00+00:00,536,9837.0,10.0,11.0
2021-09-05 14:00:00+00:00,537,9849.0,12.0,11.0
2021-09-06 14:00:00+00:00,538,9863.0,14.0,11.714285714285714
2021-09-07 14:00:00+00:00,539,9870.0,7.0,11.285714285714286
2021-09-08 14:00:00+00:00,540,9891.0,21.0,12.857142857142858
2021-09-09 14:00:00+00:00,541,9900.0,9.0,11.857142857142858
2021-09-10 14:00:00+00:00,542,9915.0,15.0,12.571428571428571
2021-09-11 14:00:00+00:00,543,9935.0,20.0,14.0
2021-09-12 14:00:00+00:00,544,9951.0,16.0,14.571428571428571
2021-09-13 14:00:00+00:00,545,9964.0,13.0,14.428571428571429
2021-09-14 14:00:00+00:00,546,9979.0,15.0,15.571428571428571
2021-09-15 14:00:00+00:00,547,9990.0,11.0,14.142857142857142
2021-09-16 14:00:00+00:00,548,10011.0,21.0,15.857142857142858
2021-09-17 14:00:00+00:00,549,10023.0,12.0,15.428571428571429
2021-09-18 14:00:00+00:00,550,10035.0,12.0,14.285714285714286
2021-09-19 14:00:00+00:00,551,10035.0,0.0,12.0
2021-09-20 14:00:00+00:00,552,10035.0,0.0,10.142857142857142
2021-09-21 14:00:00+00:00,553,10081.0,46.0,14.571428571428571
2021-09-22 14:00:00+00:00,554,10104.0,23.0,16.285714285714285
2021-09-23 14:00:00+00:00,555,10120.0,16.0,15.571428571428571
2021-09-24 14:00:00+00:00,556,10134.0,14.0,15.857142857142858
2021-09-25 14:00:00+00:00,557,10140.0,6.0,15.0
2021-09-26 14:00:00+00:00,558,10155.0,15.0,17.142857142857142
2021-09-27 14:00:00+00:00,559,10166.0,11.0,18.714285714285715
2021-09-28 14:00:00+00:00,560,10183.0,17.0,14.571428571428571
2021-09-29 14:00:00+00:00,561,10196.0,13.0,13.142857142857142
2021-09-30 14:00:00+00:00,562,10212.0,16.0,13.142857142857142
2021-10-01 14:00:00+00:00,563,10229.0,17.0,13.571428571428571
2021-10-02 14:00:00+00:00,564,10243.0,14.0,14.714285714285714
2021-10-03 14:00:00+00:00,565,10247.0,4.0,13.142857142857142
2021-10-04 14:00:00+00:00,566,10260.0,13.0,13.428571428571429
2021-10-05 14:00:00+00:00,567,10282.0,22.0,14.142857142857142
2021-10-06 14:00:00+00:00,568,10303.0,21.0,15.285714285714286
2021-10-07 14:00:00+00:00,569,10320.0,17.0,15.428571428571429
2021-10-08 14:00:00+00:00,570,10333.0,13.0,14.857142857142858
2021-10-09 14:00:00+00:00,571,10353.0,20.0,15.714285714285714
2021-10-10 14:00:00+00:00,572,10363.0,10.0,16.571428571428573
2021-10-11 14:00:00+00:00,573,10370.0,7.0,15.714285714285714
2021-10-12 14:00:00+00:00,574,10397.0,27.0,16.428571428571427
2021-10-13 14:00:00+00:00,575,10413.0,16.0,15.714285714285714
2021-10-14 14:00:00+00:00,576,10432.0,19.0,16.0
2021-10-15 14:00:00+00:00,577,10450.0,18.0,16.714285714285715
2021-10-16 14:00:00+00:00,578,10471.0,21.0,16.857142857142858
2021-10-17 14:00:00+00:00,579,10476.0,5.0,16.142857142857142
2021-10-18 14:00:00+00:00,580,10490.0,14.0,17.142857142857142
2021-10-19 14:00:00+00:00,581,10504.0,14.0,15.285714285714286
2021-10-20 14:00:00+00:00,582,10526.0,22.0,16.142857142857142
2021-10-21 14:00:00+00:00,583,10540.0,14.0,15.428571428571429
2021-10-22 14:00:00+00:00,584,10554.0,14.0,14.857142857142858
2021-10-23 14:00:00+00:00,585,10565.0,11.0,13.428571428571429
2021-10-24 14:00:00+00:00,586,10575.0,10.0,14.142857142857142
2021-10-25 14:00:00+00:00,587,10580.0,5.0,12.857142857142858
2021-10-26 14:00:00+00:00,588,10596.0,16.0,13.142857142857142
2021-10-27 14:00:00+00:00,589,10609.0,13.0,11.857142857142858
2021-10-28 14:00:00+00:00,590,10623.0,14.0,11.857142857142858
2021-10-29 14:00:00+00:00,591,10634.0,11.0,11.428571428571429
2021-10-30 14:00:00+00:00,592,10651.0,17.0,12.285714285714286
2021-10-31 14:00:00+00:00,593,10664.0,13.0,12.714285714285714
2021-11-01 14:00:00+00:00,594,10677.0,13.0,13.857142857142858
2021-11-02 14:00:00+00:00,595,10682.0,5.0,12.285714285714286
2021-11-03 14:00:00+00:00,596,10694.0,12.0,12.142857142857142
2021-11-04 14:00:00+00:00,597,10708.0,14.0,12.142857142857142
2021-11-05 14:00:00+00:00,598,10725.0,17.0,13.0
2021-11-06 14:00:00+00:00,599,10734.0,9.0,11.857142857142858
2021-11-07 15:00:00+00:00,600,10743.0,9.0,11.285714285714286
2021-11-08 15:00:00+00:00,601,10757.0,14.0,11.428571428571429
2021-11-09 15:00:00+00:00,602,10768.0,11.0,12.285714285714286
2021-11-10 15:00:00+00:00,603,10783.0,15.0,12.714285714285714
2021-11-11 15:00:00+00:00,604,10788.0,5.0,11.428571428571429
2021-11-12 15:00:00+00:00,605,10798.0,10.0,10.428571428571429
2021-11-13 15:00:00+00:00,606,10818.0,20.0,12.0
2021-11-14 15:00:00+00:00,607,10829.0,11.0,12.285714285714286
2021-11-15 15:00:00+00:00,608,10836.0,7.0,11.285714285714286
2021-11-16 15:00:00+00:00,609,10843.0,7.0,10.714285714285714
2021-11-17 15:00:00+00:00,610,10854.0,11.0,10.142857142857142
2021-11-18 15:00:00+00:00,611,10863.0,9.0,10.714285714285714
2021-11-19 15:00:00+00:00,612,10869.0,6.0,10.142857142857142
2021-11-20 15:00:00+00:00,613,10878.0,9.0,8.571428571428571
2021-11-21 15:00:00+00:00,614,10888.0,10.0,8.428571428571429
2021-11-22 15:00:00+00:00,615,10896.0,8.0,8.571428571428571
2021-11-23 15:00:00+00:00,616,10912.0,16.0,9.857142857142858
2021-11-24 15:00:00+00:00,617,10915.0,3.0,8.714285714285714
2021-11-25 15:00:00+00:00,618,10926.0,11.0,9.0
2021-11-26 15:00:00+00:00,619,10934.0,8.0,9.285714285714286
2021-11-27 15:00:00+00:00,620,10945.0,11.0,9.571428571428571
2021-11-28 15:00:00+00:00,621,10953.0,8.0,9.285714285714286
2021-11-29 15:00:00+00:00,622,10957.0,4.0,8.714285714285714
2021-11-30 15:00:00+00:00,623,10973.0,16.0,8.714285714285714
2021-12-01 15:00:00+00:00,624,10987.0,14.0,10.285714285714286
2021-12-02 15:00:00+00:00,625,10996.0,9.0,10.0
2021-12-03 15:00:00+00:00,626,11007.0,11.0,10.428571428571429
2021-12-04 15:00:00+00:00,627,11022.0,15.0,11.0
2021-12-05 15:00:00+00:00,628,,,
2021-12-06 15:00:00+00:00,629,,,
2021-12-07 15:00:00+00:00,630,,,
2021-12-08 15:00:00+00:00,631,,,
2021-12-09 15:00:00+00:00,632,,,
2021-12-10 15:00:00+00:00,633,,,
2021-12-11 15:00:00+00:00,634,,,
2021-12-12 15:00:00+00:00,635,,,
2021-12-13 15:00:00+00:00,636,,,
2021-12-14 15:00:00+00:00,637,,,
2021-12-15 15:00:00+00:00,638,,,
2021-12-16 15:00:00+00:00,639,,,
2021-12-17 15:00:00+00:00,640,,,
2021-12-18 15:00:00+00:00,641,,,
2021-12-19 15:00:00+00:00,642,,,
2021-12-20 15:00:00+00:00,643,,,
2021-12-21 15:00:00+00:00,644,,,
2021-12-22 15:00:00+00:00,645,,,
2021-12-23 15:00:00+00:00,646,,,
2021-12-24 15:00:00+00:00,647,,,
2021-12-25 15:00:00+00:00,648,,,
2021-12-26 15:00:00+00:00,649,,,
2021-12-27 15:00:00+00:00,650,,,
2021-12-28 15:00:00+00:00,651,11437.0,,
2021-12-29 15:00:00+00:00,652,11467.0,30.0,
2021-12-30 15:00:00+00:00,653,11522.0,55.0,
2021-12-31 15:00:00+00:00,654,11571.0,49.0,
2022-01-01 15:00:00+00:00,655,11603.0,32.0,
2022-01-02 15:00:00+00:00,656,11632.0,29.0,
2022-01-03 15:00:00+00:00,657,11658.0,26.0,
2022-01-04 15:00:00+00:00,658,11706.0,48.0,38.42857142857143
2022-01-05 15:00:00+00:00,659,11755.0,49.0,41.142857142857146
2022-01-06 15:00:00+00:00,660,11809.0,54.0,41.0
2022-01-07 15:00:00+00:00,661,11868.0,59.0,42.42857142857143
2022-01-08 15:00:00+00:00,662,11917.0,49.0,44.857142857142854
2022-01-09 15:00:00+00:00,663,11969.0,52.0,48.142857142857146
2022-01-10 15:00:00+00:00,664,12016.0,47.0,51.142857142857146
2022-01-11 15:00:00+00:00,665,12086.0,70.0,54.285714285714285
2022-01-12 15:00:00+00:00,666,12171.0,85.0,59.42857142857143
2022-01-13 15:00:00+00:00,667,12234.0,63.0,60.714285714285715
2022-01-14 15:00:00+00:00,668,12303.0,69.0,62.142857142857146
2022-01-15 15:00:00+00:00,669,12358.0,55.0,63.0
2022-01-16 15:00:00+00:00,670,12416.0,58.0,63.857142857142854
2022-01-17 15:00:00+00:00,671,12467.0,51.0,64.42857142857143
2022-01-18 15:00:00+00:00,672,12535.0,68.0,64.14285714285714
2022-01-19 15:00:00+00:00,673,12614.0,79.0,63.285714285714285
2022-01-20 15:00:00+00:00,674,12684.0,70.0,64.28571428571429
2022-01-21 15:00:00+00:00,675,12751.0,67.0,64.0
2022-01-22 15:00:00+00:00,676,12816.0,65.0,65.42857142857143
2022-01-23 15:00:00+00:00,677,12869.0,53.0,64.71428571428571
2022-01-24 15:00:00+00:00,678,12904.0,35.0,62.42857142857143
2022-01-25 15:00:00+00:00,679,12978.0,74.0,63.285714285714285
2022-01-26 15:00:00+00:00,680,13024.0,46.0,58.57142857142857
2022-01-27 15:00:00+00:00,681,13078.0,54.0,56.285714285714285
2022-01-28 15:00:00+00:00,682,13131.0,53.0,54.285714285714285
2022-01-29 15:00:00+00:00,683,13175.0,44.0,51.285714285714285
2022-01-30 15:00:00+00:00,684,13208.0,33.0,48.42857142857143
2022-01-31 15:00:00+00:00,685,13227.0,19.0,46.142857142857146
2022-02-01 15:00:00+00:00,686,13276.0,49.0,42.57142857142857
2022-02-02 15:00:00+00:00,687,13316.0,40.0,41.714285714285715
2022-02-03 15:00:00+00:00,688,13353.0,37.0,39.285714285714285
2022-02-04 15:00:00+00:00,689,13397.0,44.0,38.0
2022-02-05 15:00:00+00:00,690,13432.0,35.0,36.714285714285715
2022-02-06 15:00:00+00:00,691,13465.0,33.0,36.714285714285715
2022-02-07 15:00:00+00:00,692,13486.0,21.0,37.0
2022-02-08 15:00:00+00:00,693,13528.0,42.0,36.0
2022-02-09 15:00:00+00:00,694,13568.0,40.0,36.0
2022-02-10 15:00:00+00:00,695,13605.0,37.0,36.0
2022-02-11 15:00:00+00:00,696,13615.0,10.0,31.142857142857142
2022-02-12 15:00:00+00:00,697,13646.0,31.0,30.571428571428573
2022-02-13 15:00:00+00:00,698,13658.0,12.0,27.571428571428573
2022-02-14 15:00:00+00:00,699,13666.0,8.0,25.714285714285715
2022-02-15 15:00:00+00:00,700,13679.0,13.0,21.571428571428573
2022-02-16 15:00:00+00:00,701,13705.0,26.0,19.571428571428573
2022-02-17 15:00:00+00:00,702,13720.0,15.0,16.428571428571427
2022-02-18 15:00:00+00:00,703,13727.0,7.0,16.0
2022-02-19 15:00:00+00:00,704,13741.0,14.0,13.571428571428571
2022-02-20 15:00:00+00:00,705,13749.0,8.0,13.0
2022-02-21 15:00:00+00:00,706,13758.0,9.0,13.142857142857142
2022-02-22 15:00:00+00:00,707,13786.0,28.0,15.285714285714286
2022-02-23 15:00:00+00:00,708,13799.0,13.0,13.428571428571429
2022-02-24 15:00:00+00:00,709,13813.0,14.0,13.285714285714286
2022-02-25 15:00:00+00:00,710,13828.0,15.0,14.428571428571429
2022-02-26 15:00:00+00:00,711,13842.0,14.0,14.428571428571429
2022-02-27 15:00:00+00:00,712,13856.0,14.0,15.285714285714286
2022-02-28 15:00:00+00:00,713,13859.0,3.0,14.428571428571429
2022-03-01 15:00:00+00:00,714,13872.0,13.0,12.285714285714286
2022-03-02 15:00:00+00:00,715,13883.0,11.0,12.0
2022-03-03 15:00:00+00:00,716,13897.0,14.0,12.0
2022-03-04 15:00:00+00:00,717,13908.0,11.0,11.428571428571429
2022-03-05 15:00:00+00:00,718,13913.0,5.0,10.142857142857142
2022-03-06 15:00:00+00:00,719,13920.0,7.0,9.142857142857142
2022-03-07 15:00:00+00:00,720,13925.0,5.0,9.428571428571429
2022-03-08 15:00:00+00:00,721,13943.0,18.0,10.142857142857142
2022-03-09 15:00:00+00:00,722,13955.0,12.0,10.285714285714286
2022-03-10 15:00:00+00:00,723,13964.0,9.0,9.571428571428571
2022-03-11 15:00:00+00:00,724,13972.0,8.0,9.142857142857142
2022-03-12 15:00:00+00:00,725,13984.0,12.0,10.142857142857142
2022-03-13 14:00:00+00:00,726,13996.0,12.0,10.857142857142858
2022-03-14 14:00:00+00:00,727,13998.0,2.0,10.428571428571429
2022-03-15 14:00:00+00:00,728,14006.0,8.0,9.0
2022-03-16 14:00:00+00:00,729,14015.0,9.0,8.571428571428571
2022-03-17 14:00:00+00:00,730,14018.0,3.0,7.714285714285714
2022-03-18 14:00:00+00:00,731,14022.0,4.0,7.142857142857143
2022-03-19 14:00:00+00:00,732,14029.0,7.0,6.428571428571429
2022-03-20 14:00:00+00:00,733,14034.0,5.0,5.428571428571429
2022-03-21 14:00:00+00:00,734,14040.0,6.0,6.0
2022-03-22 14:00:00+00:00,735,14039.0,-1.0,4.714285714285714
2022-03-23 14:00:00+00:00,736,14047.0,8.0,4.571428571428571
2022-03-24 14:00:00+00:00,737,14052.0,5.0,4.857142857142857
2022-03-25 14:00:00+00:00,738,14054.0,2.0,4.571428571428571
2022-03-26 14:00:00+00:00,739,14060.0,6.0,4.428571428571429
2022-03-27 14:00:00+00:00,740,14062.0,2.0,4.0
2022-03-28 14:00:00+00:00,741,14063.0,1.0,3.2857142857142856
2022-03-29 14:00:00+00:00,742,14067.0,4.0,4.0
2022-03-30 14:00:00+00:00,743,14079.0,12.0,4.571428571428571
2022-03-31 14:00:00+00:00,744,14081.0,2.0,4.142857142857143
2022-04-01 14:00:00+00:00,745,14083.0,2.0,4.142857142857143
2022-04-02 14:00:00+00:00,746,14091.0,8.0,4.428571428571429
2022-04-03 14:00:00+00:00,747,14094.0,3.0,4.571428571428571
2022-04-04 14:00:00+00:00,748,14097.0,3.0,4.857142857142857
2022-04-05 14:00:00+00:00,749,14099.0,2.0,4.571428571428571
2022-04-06 14:00:00+00:00,750,14101.0,2.0,3.142857142857143
2022-04-07 14:00:00+00:00,751,14104.0,3.0,3.2857142857142856
2022-04-08 14:00:00+00:00,752,14107.0,3.0,3.4285714285714284
2022-04-09 14:00:00+00:00,753,,,
2022-04-10 14:00:00+00:00,754,,,
2022-04-11 14:00:00+00:00,755,14113.0,,
2022-04-12 14:00:00+00:00,756,14121.0,8.0,
2022-04-13 14:00:00+00:00,757,14127.0,6.0,
2022-04-14 14:00:00+00:00,758,14131.0,4.0,
2022-04-15 14:00:00+00:00,759,14134.0,3.0,
2022-04-16 14:00:00+00:00,760,14137.0,3.0,
2022-04-17 14:00:00+00:00,761,,,
2022-04-18 14:00:00+00:00,762,,,
2022-04-19 14:00:00+00:00,763,14143.0,,
2022-04-20 14:00:00+00:00,764,14148.0,5.0,
2022-04-21 14:00:00+00:00,765,14154.0,6.0,
2022-04-22 14:00:00+00:00,766,14158.0,4.0,
2022-04-23 14:00:00+00:00,767,14161.0,3.0,
2022-04-24 14:00:00+00:00,768,,,
2022-04-25 14:00:00+00:00,769,,,
2022-04-26 14:00:00+00:00,770,14170.0,,
2022-04-27 14:00:00+00:00,771,14177.0,7.0,
2022-04-28 14:00:00+00:00,772,14185.0,8.0,
2022-04-29 14:00:00+00:00,773,14192.0,7.0,
2022-04-30 14:00:00+00:00,774,14198.0,6.0,
2022-05-01 14:00:00+00:00,775,,,
2022-05-02 14:00:00+00:00,776,,,
2022-05-03 14:00:00+00:00,777,14213.0,,
2022-05-04 14:00:00+00:00,778,14215.0,2.0,
2022-05-05 14:00:00+00:00,779,14217.0,2.0,
2022-05-06 14:00:00+00:00,780,14221.0,4.0,
2022-05-07 14:00:00+00:00,781,14230.0,9.0,
2022-05-08 14:00:00+00:00,782,,,
2022-05-09 14:00:00+00:00,783,,,
2022-05-10 14:00:00+00:00,784,14240.0,,
2022-05-11 14:00:00+00:00,785,14245.0,5.0,
2022-05-12 14:00:00+00:00,786,14254.0,9.0,
2022-05-13 14:00:00+00:00,787,14255.0,1.0,
2022-05-14 14:00:00+00:00,788,14259.0,4.0,
2022-05-15 14:00:00+00:00,789,,,
2022-05-16 14:00:00+00:00,790,,,
2022-05-17 14:00:00+00:00,791,14277.0,,
2022-05-18 14:00:00+00:00,792,14280.0,3.0,
2022-05-19 14:00:00+00:00,793,14282.0,2.0,
2022-05-20 14:00:00+00:00,794,14285.0,3.0,
2022-05-21 14:00:00+00:00,795,14288.0,3.0,
2022-05-22 14:00:00+00:00,796,,,
2022-05-23 14:00:00+00:00,797,,,
2022-05-24 14:00:00+00:00,798,14302.0,,
2022-05-25 14:00:00+00:00,799,14314.0,12.0,
2022-05-26 14:00:00+00:00,800,14325.0,11.0,
2022-05-27 14:00:00+00:00,801,14327.0,2.0,
2022-05-28 14:00:00+00:00,802,14330.0,3.0,
2022-05-29 14:00:00+00:00,803,,,
2022-05-30 14:00:00+00:00,804,,,
2022-05-31 14:00:00+00:00,805,,,
2022-06-01 14:00:00+00:00,806,14346.0,,
2022-06-02 14:00:00+00:00,807,14353.0,7.0,
2022-06-03 14:00:00+00:00,808,14362.0,9.0,
2022-06-04 14:00:00+00:00,809,14367.0,5.0,
2022-06-05 14:00:00+00:00,810,,,
2022-06-06 14:00:00+00:00,811,,,
2022-06-07 14:00:00+00:00,812,14384.0,,
2022-06-08 14:00:00+00:00,813,14387.0,3.0,
2022-06-09 14:00:00+00:00,814,14393.0,6.0,
2022-06-10 14:00:00+00:00,815,14404.0,11.0,
2022-06-11 14:00:00+00:00,816,14411.0,7.0,
2022-06-12 14:00:00+00:00,817,,,
2022-06-13 14:00:00+00:00,818,,,
2022-06-14 14:00:00+00:00,819,14427.0,,
2022-06-15 14:00:00+00:00,820,14435.0,8.0,
2022-06-16 14:00:00+00:00,821,14444.0,9.0,
2022-06-17 14:00:00+00:00,822,14452.0,8.0,
2022-06-18 14:00:00+00:00,823,14462.0,10.0,
2022-06-19 14:00:00+00:00,824,,,
2022-06-20 14:00:00+00:00,825,,,
2022-06-21 14:00:00+00:00,826,,,
2022-06-22 14:00:00+00:00,827,14485.0,,
2022-06-23 14:00:00+00:00,828,14489.0,4.0,
2022-06-24 14:00:00+00:00,829,14493.0,4.0,
2022-06-25 14:00:00+00:00,830,14498.0,5.0,
2022-06-26 14:00:00+00:00,831,,,
2022-06-27 14:00:00+00:00,832,,,
2022-06-28 14:00:00+00:00,833,14511.0,,
2022-06-29 14:00:00+00:00,834,14517.0,6.0,
2022-06-30 14:00:00+00:00,835,14522.0,5.0,
2022-07-01 14:00:00+00:00,836,14527.0,5.0,
2022-07-02 14:00:00+00:00,837,14538.0,11.0,
2022-07-03 14:00:00+00:00,838,,,
2022-07-04 14:00:00+00:00,839,,,
2022-07-05 14:00:00+00:00,840,,,
2022-07-06 14:00:00+00:00,841,14559.0,,
2022-07-07 14:00:00+00:00,842,14561.0,2.0,
2022-07-08 14:00:00+00:00,843,14568.0,7.0,
2022-07-09 14:00:00+00:00,844,14571.0,3.0,
2022-07-10 14:00:00+00:00,845,,,
2022-07-11 14:00:00+00:00,846,,,
2022-07-12 14:00:00+00:00,847,14585.0,,
2022-07-13 14:00:00+00:00,848,14594.0,9.0,
2022-07-14 14:00:00+00:00,849,14599.0,5.0,
2022-07-15 14:00:00+00:00,850,14609.0,10.0,
2022-07-16 14:00:00+00:00,851,14614.0,5.0,
2022-07-17 14:00:00+00:00,852,,,
2022-07-18 14:00:00+00:00,853,,,
2022-07-19 14:00:00+00:00,854,14627.0,,
2022-07-20 14:00:00+00:00,855,14629.0,2.0,
2022-07-21 14:00:00+00:00,856,14636.0,7.0,
2022-07-22 14:00:00+00:00,857,14644.0,8.0,
2022-07-23 14:00:00+00:00,858,14651.0,7.0,
2022-07-24 14:00:00+00:00,859,,,
2022-07-25 14:00:00+00:00,860,,,
2022-07-26 14:00:00+00:00,861,14673.0,,
2022-07-27 14:00:00+00:00,862,14693.0,20.0,
2022-07-28 14:00:00+00:00,863,14704.0,11.0,
2022-07-29 14:00:00+00:00,864,14704.0,0.0,
2022-07-30 14:00:00+00:00,865,14715.0,11.0,
2022-07-31 14:00:00+00:00,866,,,
2022-08-01 14:00:00+00:00,867,,,
2022-08-02 14:00:00+00:00,868,14726.0,,
2022-08-03 14:00:00+00:00,869,14737.0,11.0,
2022-08-04 14:00:00+00:00,870,14737.0,0.0,
2022-08-05 14:00:00+00:00,871,14742.0,5.0,
2022-08-06 14:00:00+00:00,872,14746.0,4.0,
