,OBJECTID,DATE,Count_,Daily Reported,7-Day Avg,Daily100k,7Day,100k7D,100k7DDiff,TotalNewCasesPast7Days,TotalNewCasesPast7Days100k
0,1,2020-03-04,0,0,,0.0,,,,,
1,2,2020-03-05,3,3,,0.04962220957774807,,,,,
2,3,2020-03-06,3,0,,0.0,,,,,
3,4,2020-03-07,3,0,,0.0,,,,,
4,5,2020-03-08,5,2,,0.03308147305183205,,,,,
5,6,2020-03-09,6,1,,0.016540736525916026,,,,,
6,7,2020-03-10,9,3,1.29,0.04962220957774807,1.2857142857142858,0.021266661247606317,,9.0,0.14886662873324422
7,8,2020-03-11,12,3,1.71,0.04962220957774807,1.7142857142857142,0.028355548330141755,0.007088887082535439,12.0,0.1984888383109923
8,9,2020-03-12,12,0,1.29,0.0,1.2857142857142858,0.021266661247606317,-0.007088887082535439,9.0,0.14886662873324422
9,10,2020-03-13,15,3,1.71,0.04962220957774807,1.7142857142857142,0.028355548330141755,0.007088887082535439,12.0,0.1984888383109923
10,11,2020-03-14,26,11,3.29,0.18194810178507628,3.2857142857142856,0.05434813429943836,0.025992585969296607,23.0,0.3804369400960686
11,12,2020-03-15,31,5,3.71,0.08270368262958014,3.7142857142857144,0.06143702138197381,0.007088887082535446,26.0,0.4300591496738167
12,13,2020-03-16,37,6,4.43,0.09924441915549614,4.428571428571429,0.07325183318619954,0.011814811804225736,31.0,0.5127628323033968
13,14,2020-03-17,57,20,6.86,0.33081473051832055,6.857142857142857,0.11342219332056704,0.04017036013436749,48.0,0.7939553532439692
14,15,2020-03-18,85,28,10.43,0.46314062272564877,10.428571428571429,0.17249625234169572,0.05907405902112868,73.0,1.20747376639187
15,16,2020-03-19,107,22,13.57,0.36389620357015257,13.571428571428571,0.22448142428028892,0.0519851719385932,95.0,1.5713699699620225
16,17,2020-03-20,149,42,19.14,0.6947109340884731,19.142857142857142,0.3166369563532497,0.09215553207296076,134.0,2.2164586944727476
17,18,2020-03-21,190,41,23.43,0.6781701975625571,23.428571428571427,0.38752582717860407,0.07088887082535439,164.0,2.7126807902502286
18,19,2020-03-22,244,54,30.43,0.8931997723994655,30.428571428571427,0.5033109828600162,0.11578515568141212,213.0,3.5231768800201135
19,20,2020-03-23,288,44,35.86,0.7277924071403051,35.857142857142854,0.5931035525721319,0.08979256971211569,251.0,4.151724868004923
20,21,2020-03-24,349,61,41.71,1.0089849280808776,41.714285714285715,0.6899850093667829,0.09688145679465099,292.0,4.82989506556748
21,22,2020-03-25,423,74,48.29,1.2240145029177858,48.285714285714285,0.7986812779656596,0.10869626859887671,338.0,5.590768945759617
22,23,2020-03-26,580,157,67.57,2.596895634568816,67.57142857142857,1.1176811966797544,0.31899991871409483,473.0,7.82376837675828
23,24,2020-03-27,774,194,89.29,3.2089028860277087,89.28571428571429,1.4768514755282165,0.3591702788484621,625.0,10.337960328697516
24,25,2020-03-28,992,218,114.57,3.6058805626496935,114.57142857142857,1.8950958133978075,0.41824433786959103,802.0,13.265670693784651
25,26,2020-03-29,1239,247,142.14,4.085561921901259,142.14285714285714,2.351147549040921,0.4560517356431133,995.0,16.458032843286446
26,27,2020-03-30,1413,174,160.71,2.8780881555093885,160.71428571428572,2.65833265595079,0.307185106909869,1125.0,18.60832859165553
27,28,2020-03-31,1660,247,187.29,4.085561921901259,187.28571428571428,3.097843655067987,0.43951099911719727,1311.0,21.68490558547591
28,29,2020-04-01,1985,325,223.14,5.375739370922709,223.14285714285714,3.690947207640119,0.5931035525721318,1562.0,25.836630453480833
29,30,2020-04-02,2331,346,250.14,5.723094837966945,250.14285714285714,4.137547093839852,0.4465998861997331,1751.0,28.96282965687896
30,31,2020-04-03,2758,427,283.43,7.062894496566143,283.42857142857144,4.688117323916771,0.5505702300769189,1984.0,32.816821267417396
31,32,2020-04-04,3125,367,304.71,6.070450305011182,304.7142857142857,5.040198715682698,0.35208139176592734,2133.0,35.281391009778886
32,33,2020-04-05,3609,484,338.57,8.005716478543357,338.57142857142856,5.600220795202998,0.5600220795202997,2370.0,39.20154556642098
33,34,2020-04-06,4045,436,376.0,7.211761125299387,376.0,6.219316933744426,0.619096138541428,2632.0,43.53521853621098
34,35,2020-04-07,4371,326,387.29,5.392280107448625,387.2857142857143,6.405990960251192,0.18667402650676657,2711.0,44.841936721758344
35,36,2020-04-08,5529,1158,506.29,19.154172897010756,506.2857142857143,8.374338606835199,1.9683476465840064,3544.0,58.620370247846395
36,37,2020-04-09,6185,656,550.57,10.850723161000914,550.5714285714286,9.106856938697195,0.7325183318619963,3854.0,63.74799857088037
37,38,2020-04-10,6968,783,601.43,12.951396699792248,601.4285714285714,9.948071539158068,0.8412146004608729,4210.0,69.63650077410648
38,39,2020-04-11,7694,726,652.71,12.008574717815035,652.7142857142857,10.796375026701474,0.8483034875434061,4569.0,75.57462518691032
39,40,2020-04-12,8225,531,659.43,8.78313109526141,659.4285714285714,10.907434257661196,0.11105923095972159,4616.0,76.35203980362837
40,41,2020-04-13,8936,711,698.71,11.760463669926294,698.7142857142857,11.557248906893614,0.6498146492324182,4891.0,80.90074234825528
41,42,2020-04-14,9472,536,728.71,8.86583477789099,728.7142857142857,12.053471002671092,0.4962220957774779,5101.0,84.37429701869765
42,43,2020-04-15,10032,560,643.29,9.262812454512975,643.2857142857143,10.640419510885696,-1.4130514917853958,4503.0,74.48293657619986
43,44,2020-04-16,10784,752,657.0,12.438633867488852,657.0,10.86726389752683,0.22684438664113316,4599.0,76.07084728268781
44,45,2020-04-17,11572,788,657.71,13.034100382421828,657.7142857142857,10.879078709331054,0.011814811804224945,4604.0,76.1535509653174
45,46,2020-04-18,12308,736,659.14,12.173982083074195,659.1428571428571,10.902708332939508,0.023629623608453443,4614.0,76.31895833057654
46,47,2020-04-19,12830,522,657.86,8.634264466528165,657.8571428571429,10.8814416716919,-0.021266661247608454,4605.0,76.1700917018433
47,48,2020-04-20,13684,854,678.29,14.125788993132286,678.2857142857143,11.219345289292756,0.3379036176008565,4748.0,78.53541702504928
48,49,2020-04-21,14193,509,674.43,8.419234891691257,674.4285714285714,11.155545305549937,-0.06379998374281826,4721.0,78.08881713884956
49,50,2020-04-22,14775,582,677.57,9.626708658083126,677.5714285714286,11.20753047748853,0.05198517193859331,4743.0,78.45271334241971
50,51,2020-04-23,15737,962,707.57,15.912188537931218,707.5714285714286,11.703752573266012,0.49622209577748144,4953.0,81.92626801286208
51,52,2020-04-24,16616,879,720.57,14.539307406280187,720.5714285714286,11.91878214810292,0.2150295748369082,5044.0,83.43147503672043
52,53,2020-04-25,17766,1150,779.71,19.02184700480343,779.7142857142857,12.89704856549281,0.9782664173898894,5458.0,90.27933995844967
53,54,2020-04-26,18581,815,821.57,13.480700268621561,821.5714285714286,13.589396537220438,0.692347971727628,5751.0,95.12577576054306
54,55,2020-04-27,19487,906,829.0,14.985907292479919,829.0,13.712270579984386,0.12287404276394831,5803.0,95.9858940598907
55,56,2020-04-28,20113,626,845.71,10.354501065223433,845.7142857142857,13.988737176203268,0.2764665962188815,5920.0,97.92116023342287
56,57,2020-04-29,20849,736,867.71,12.173982083074195,867.7142857142857,14.35263337977342,0.3638962035701532,6074.0,100.46843365841396
57,58,2020-04-30,21742,893,857.86,14.770877717643012,857.8571428571429,14.189588976875104,-0.16304440289831668,6005.0,99.32712283812573
58,59,2020-05-01,23472,1730,979.43,28.61547418983472,979.4285714285714,16.200469945954325,2.0108809690792206,6856.0,113.40328962168027
59,60,2020-05-02,24473,1001,958.14,16.557277262441943,958.1428571428571,15.8483885541884,-0.3520813917659247,6707.0,110.9387198793188
60,61,2020-05-03,25462,989,983.0,16.35878842413095,983.0,16.259544004975453,0.41115545078705296,6881.0,113.81680803482818
61,62,2020-05-04,26408,946,988.71,15.64753675351656,988.7142857142857,16.35406249940926,0.09451849443380667,6921.0,114.47843749586481
62,63,2020-05-05,27117,709,1000.57,11.727382196874462,1000.5714285714286,16.550188375359408,0.1961258759501483,7004.0,115.85131862751584
63,64,2020-05-06,28163,1046,1044.86,17.30161040610816,1044.857142857143,17.2827067072214,0.7325183318619928,7314.0,120.97894695054983
64,65,2020-05-07,29374,1211,1090.29,20.030831932884308,1090.2857142857142,18.034128737970157,0.7514220307487562,7632.0,126.2389011657911
65,66,2020-05-08,30485,1111,1001.86,18.376758280292705,1001.8571428571429,16.571455036607013,-1.4626737013631441,7013.0,116.0001852562491
66,67,2020-05-09,31534,1049,1008.71,17.35123261568591,1008.7142857142857,16.68487722992758,0.11342219332056658,7061.0,116.79414060949306
67,68,2020-05-10,32587,1053,1017.86,17.417395561789576,1017.8571428571429,16.836106821021666,0.1512295910940864,7125.0,117.8527477471517
68,69,2020-05-11,33373,786,995.0,13.001018909369996,995.0,16.458032843286446,-0.37807397773521956,6965.0,115.20622990300512
69,70,2020-05-12,34061,688,992.0,11.380026729830226,992.0,16.408410633708694,-0.049622209577751875,6944.0,114.85887443596087
70,71,2020-05-13,34812,751,949.86,12.422093130962935,949.8571428571429,15.711336737259378,-0.6970738964493162,6649.0,109.97935716081565
71,72,2020-05-14,35903,1091,932.71,18.045943549774385,932.7142857142857,15.42778125395796,-0.2835554833014182,6529.0,107.99446877770573
72,73,2020-05-15,36986,1083,928.71,17.913617657567055,928.7142857142857,15.361618307854297,-0.06616294610366324,6501.0,107.53132815498009
73,74,2020-05-16,37968,982,919.14,16.243003268449538,919.1428571428571,15.203299829677674,-0.15831847817662315,6434.0,106.42309880774371
74,75,2020-05-17,38804,836,888.14,13.8280557356658,888.1428571428571,14.690536997374277,-0.5127628323033964,6217.0,102.83375898161994
75,76,2020-05-18,39762,958,912.71,15.846025591827553,912.7142857142857,15.096966523439642,0.40642952606536475,6389.0,105.6787656640775
76,77,2020-05-19,41546,1784,1069.29,29.50867396223419,1069.2857142857142,17.686773270925922,2.5898067474862803,7485.0,123.80741289648145
77,78,2020-05-20,42323,777,1073.0,12.852152280636751,1073.0,17.748210292307895,0.06143702138197327,7511.0,124.23747204615528
78,79,2020-05-21,43531,1208,1089.71,19.98120972330656,1089.7142857142858,18.02467688852678,0.27646659621888503,7628.0,126.17273821968745
79,80,2020-05-22,44424,893,1062.57,14.770877717643012,1062.5714285714287,17.5757140399662,-0.4489628485605799,7438.0,123.0299982797634
80,81,2020-05-23,45495,1071,1075.29,17.715128819256066,1075.2857142857142,17.78601769008142,0.21030365011521823,7527.0,124.50212383056991
81,82,2020-05-24,46313,818,1072.71,13.53032247819931,1072.7142857142858,17.743484367586206,-0.042533322495213355,7509.0,124.20439057310344
82,83,2020-05-25,47152,839,1055.71,13.877677945243548,1055.7142857142858,17.462291846645634,-0.28119252094057146,7390.0,122.23604292651943
83,84,2020-05-26,47687,535,877.29,8.849294041365074,877.2857142857143,14.510951857950047,-2.9513399886955867,6141.0,101.57666300565033
84,85,2020-05-27,48423,736,871.43,12.173982083074195,871.4285714285714,14.414070401155396,-0.09688145679465165,6100.0,100.89849280808777
85,86,2020-05-28,49709,1286,882.57,21.27138717232801,882.5714285714286,14.598381465301316,0.1843110641459198,6178.0,102.18867025710921
86,87,2020-05-29,50988,1279,937.71,21.155602016646597,937.7142857142857,15.510484936587543,0.9121034712862279,6564.0,108.57339455611279
87,88,2020-05-30,52015,1027,931.43,16.98733641211576,931.4285714285714,15.406514592710355,-0.1039703438771884,6520.0,107.84560214897249
88,89,2020-05-31,52778,763,923.57,12.620581969273928,923.5714285714286,15.276551662863872,-0.12996292984648328,6465.0,106.93586164004711
89,90,2020-06-01,53327,549,882.14,9.080864352727898,882.1428571428571,14.591292578218779,-0.685259084645093,6175.0,102.13904804753146
90,91,2020-06-02,54175,848,926.86,14.026544573976789,926.8571428571429,15.33089979716331,0.7396072189445313,6488.0,107.31629858014317
91,92,2020-06-03,54982,807,937.0,13.348374376414235,937.0,15.498670124783317,0.16777032762000665,6559.0,108.49069087348322
92,93,2020-06-04,55858,876,878.43,14.489685196702439,878.4285714285714,14.529855556836807,-0.9688145679465094,6149.0,101.70898889785764
93,94,2020-06-05,56770,912,826.0,15.085151711635415,826.0,13.662648370406638,-0.8672071864301696,5782.0,95.63853859284647
94,95,2020-06-06,57482,712,781.0,11.77700440645221,781.0,12.918315226740418,-0.7443331436662195,5467.0,90.42820658718291
95,96,2020-06-07,57973,491,742.14,8.121501634224769,742.1428571428571,12.275589464590537,-0.6427257621498814,5195.0,85.92912625213376
96,97,2020-06-08,58404,431,725.29,7.129057442669808,725.2857142857143,11.99675990601081,-0.27882955857972647,5077.0,83.97731934207566
97,98,2020-06-09,58904,500,675.57,8.270368262958012,675.5714285714286,11.174449004436699,-0.8223109015741112,4729.0,78.22114303105688
98,99,2020-06-10,59465,561,640.43,9.27935319103889,640.4285714285714,10.593160263668791,-0.5812887407679082,4483.0,74.15212184568155
99,100,2020-06-11,60197,732,619.86,12.107819136970532,619.8571428571429,10.252893683707091,-0.34026657996169973,4339.0,71.77025578594964
100,101,2020-06-12,60613,416,549.0,6.880946394781067,549.0,9.080864352727898,-1.1720293309791927,3843.0,63.56605046909529
101,102,2020-06-13,61305,692,546.14,11.44618967593389,546.1428571428571,9.033605105510997,-0.047259247216901556,3823.0,63.235235738576975
102,103,2020-06-14,61701,396,532.57,6.5501316642627465,532.5714285714286,8.809123681230707,-0.22448142428028994,3728.0,61.66386576861495
103,104,2020-06-15,62032,331,518.29,5.474983790078205,518.2857142857143,8.572827445146192,-0.2362962360845149,3628.0,60.00979211602334
104,105,2020-06-16,62409,377,500.71,6.235857670270342,500.7142857142857,8.282183074762239,-0.2906443703839532,3505.0,57.975281523335674
105,106,2020-06-17,62969,560,500.57,9.262812454512975,500.57142857142856,8.279820112401394,-0.002362962360844989,3504.0,57.958740786809756
106,107,2020-06-18,63229,260,433.14,4.300591496738167,433.14285714285717,7.1645018780824845,-1.1153182343189094,3032.0,50.15151314657739
107,108,2020-06-19,63548,319,419.29,5.276494951767212,419.2857142857143,6.9352945290805055,-0.22920734900197903,2935.0,48.547061703563536
108,109,2020-06-20,63956,408,378.71,6.748620502573739,378.7142857142857,6.264213218600484,-0.6710813104800213,2651.0,43.849492530203385
109,110,2020-06-21,64306,350,372.14,5.789257784070609,372.14285714285717,6.155516950001607,-0.10869626859887749,2605.0,43.08861865001125
110,111,2020-06-22,64603,297,367.29,4.91259874819706,367.2857142857143,6.075176229732873,-0.08034072026873407,2571.0,42.5262336081301
111,112,2020-06-23,65007,404,371.14,6.682457556470074,371.14285714285717,6.138976213475691,0.06379998374281826,2598.0,42.972833494329834
112,113,2020-06-24,65337,330,338.29,5.458443053552289,338.2857142857143,5.595494870481308,-0.543481342994383,2368.0,39.168464093369145
113,114,2020-06-25,65777,440,364.0,7.277924071403051,364.0,6.020828095433434,0.42533322495212644,2548.0,42.14579666803404
114,115,2020-06-26,66115,338,366.71,5.590768945759617,366.7142857142857,6.065724380289491,0.04489628485605657,2567.0,42.46007066202644
115,116,2020-06-27,66450,335,356.29,5.541146736181869,356.2857142857143,5.893228127947795,-0.17249625234169574,2494.0,41.25259689563457
116,117,2020-06-28,66777,327,353.0,5.40882084397454,353.0,5.838879993648357,-0.0543481342994383,2471.0,40.8721599555385
117,118,2020-06-29,67254,477,378.71,7.889931322861944,378.7142857142857,6.264213218600483,0.42533322495212644,2651.0,43.849492530203385
118,119,2020-06-30,67559,305,364.57,5.044924640404388,364.57142857142856,6.030279944876814,-0.233933273723669,2552.0,42.2119596141377
119,120,2020-07-01,67918,359,368.71,5.9381244128038535,368.7142857142857,6.098805853341323,0.06852590846450912,2581.0,42.69164097338926
120,121,2020-07-02,68423,505,378.0,8.353071945587594,378.0,6.252398406796258,0.15359255345493494,2646.0,43.76678884757381
121,122,2020-07-03,68961,538,406.57,8.898916250942822,406.57142857142856,6.724990878965287,0.4725924721690289,2846.0,47.07493615275701
122,123,2020-07-04,69341,380,413.0,6.28547987984809,413.0,6.831324185203319,0.10633330623803161,2891.0,47.819269296423236
123,124,2020-07-05,69632,291,407.86,4.813354329041563,407.85714285714283,6.746257540212894,-0.08506664499042493,2855.0,47.22380278149026
124,125,2020-07-06,69904,272,378.57,4.499080335049159,378.57142857142856,6.261850256239638,-0.4844072839732556,2650.0,43.832951793677466
125,126,2020-07-07,70396,492,405.29,8.138042370750686,405.2857142857143,6.70372421771768,0.44187396147804137,2837.0,46.92606952402377
126,127,2020-07-08,70861,465,420.43,7.691442484550953,420.42857142857144,6.954198227967266,0.2504740102495866,2943.0,48.67938759577087
127,128,2020-07-09,71447,586,432.0,9.692871604186792,432.0,7.145598179195723,0.19139995122845654,3024.0,50.01918725437006
128,129,2020-07-10,71910,463,421.29,7.65836101149912,421.2857142857143,6.968376002132338,-0.17722217706338483,2949.0,48.77863201492636
129,130,2020-07-11,72467,557,446.57,9.213190244935227,446.57142857142856,7.386620340001928,0.4182443378695897,3126.0,51.706342380013496
130,131,2020-07-12,73109,642,496.71,10.619152849638088,496.7142857142857,8.216020128658574,0.8293997886566462,3477.0,57.51214090061002
131,132,2020-07-13,73527,418,517.57,6.9140278678329,517.5714285714286,8.561012633341965,0.3449925046833915,3623.0,59.92708843339376
132,133,2020-07-14,74260,733,552.0,12.124359873496447,552.0,9.130486562305647,0.5694739289636814,3864.0,63.91340593613952
133,134,2020-07-15,75016,756,593.57,12.504796813592515,593.5714285714286,9.818108609311583,0.6876220470059362,4155.0,68.7267602651811
134,135,2020-07-16,75664,648,602.43,10.718397268793584,602.4285714285714,9.964612275683985,0.14650366637240175,4217.0,69.75228592978789
135,136,2020-07-17,76371,707,637.29,11.69430072382263,637.2857142857143,10.541175091730198,0.5765628160462128,4461.0,73.78822564211139
136,137,2020-07-18,77206,835,677.0,13.811514999139883,677.0,11.19807862804515,0.6569035363149531,4739.0,78.38655039631605
137,138,2020-07-19,78131,925,717.43,15.300181286472325,717.4285714285714,11.866796976164325,0.6687183481191745,5022.0,83.06757883315028
138,139,2020-07-20,78685,554,736.86,9.163568035357478,736.8571428571429,12.188159857239265,0.3213628810749398,5158.0,85.31711900067486
139,140,2020-07-21,79545,860,755.0,14.225033412287782,755.0,12.488256077066598,0.30009621982733314,5285.0,87.4177925394662
140,141,2020-07-22,80172,627,736.57,10.371041801749348,736.5714285714286,12.183433932517577,-0.30482214454902135,5156.0,85.28403752762303
141,142,2020-07-23,80836,664,738.86,10.98304905320824,738.8571428571429,12.221241330291098,0.0378073977735216,5172.0,85.54868931203768
142,143,2020-07-24,81766,930,770.71,15.382884969101905,770.7142857142857,12.748181936759567,0.5269406064684681,5395.0,89.23727355731697
143,144,2020-07-25,83054,1288,835.43,21.304468645379842,835.4285714285714,13.818603886222418,1.070421949462851,5848.0,96.73022720355692
144,145,2020-07-26,83748,694,802.43,11.479271148985722,802.4285714285714,13.272759580867188,-0.5458443053552298,5617.0,92.90931706607032
145,146,2020-07-27,84876,1128,884.43,18.657950801233277,884.4285714285714,14.629099975992302,1.3563403951251143,6191.0,102.40369983194613
146,147,2020-07-28,85524,648,854.14,10.718397268793584,854.1428571428571,14.128151955493133,-0.5009480204991696,5979.0,98.89706368845191
147,148,2020-07-29,86285,761,873.29,12.587500496222097,873.2857142857143,14.444788911846382,0.31663695635324984,6113.0,101.11352238292466
148,149,2020-07-30,87177,892,905.86,14.754336981117095,905.8571428571429,14.983544330119074,0.5387554182726912,6341.0,104.88481031083353
149,150,2020-07-31,88346,1169,940.0,19.336120998795835,940.0,15.548292334361065,0.5647480042419915,6580.0,108.83804634052746
150,151,2020-08-01,89365,1019,901.57,16.855010519908433,901.5714285714286,14.91265545929372,-0.6356368750673447,6311.0,104.38858821505603
151,152,2020-08-02,90274,909,932.29,15.035529502057667,932.2857142857143,15.420692366875427,0.5080369075817064,6526.0,107.94484656812797
152,153,2020-08-03,91144,870,895.43,14.390440777546944,895.4285714285714,14.811048077777377,-0.6096442890980498,6268.0,103.67733654444164
153,154,2020-08-04,91854,710,904.29,11.743922933400379,904.2857142857143,14.957551744149779,0.14650366637240175,6330.0,104.70286220904843
154,155,2020-08-05,92426,572,877.29,9.461301292823967,877.2857142857143,14.510951857950046,-0.4465998861997331,6141.0,101.57666300565033
155,156,2020-08-06,93005,579,832.57,9.577086448505378,832.5714285714286,13.771344639005516,-0.7396072189445295,5828.0,96.3994124730386
156,157,2020-08-07,93806,801,780.0,13.249129957258738,780.0,12.901774490214498,-0.8695701487910181,5460.0,90.3124214315015
157,158,2020-08-08,94581,775,745.14,12.81907080758492,745.1428571428571,12.325211674168283,-0.5765628160462146,5216.0,86.276481719178
158,159,2020-08-09,95503,922,747.0,15.250559076894577,747.0,12.355930184859274,0.030718510690990186,5229.0,86.4915112940149
159,160,2020-08-10,96258,755,730.57,12.4882560770666,730.5714285714286,12.08418951336208,-0.2717406714971933,5114.0,84.58932659353457
160,161,2020-08-11,96843,585,712.71,9.676330867660875,712.7142857142857,11.788819218256435,-0.29537029510564494,4989.0,82.52173452779505
161,162,2020-08-12,97384,541,708.29,8.94853846052057,708.2857142857143,11.715567385070239,-0.07325183318619644,4958.0,82.00897169549165
162,163,2020-08-13,98160,776,736.43,12.835611544110835,736.4285714285714,12.18107097015673,0.46550358508649126,5155.0,85.2674967910971
163,164,2020-08-14,98875,715,724.14,11.826626616029959,724.1428571428571,11.977856207124047,-0.20321476303268327,5069.0,83.84499344986833
164,165,2020-08-15,99693,818,730.29,13.53032247819931,730.2857142857143,12.07946358864039,0.10160738151634341,5112.0,84.55624512048271
165,166,2020-08-16,100212,519,672.71,8.584642256950417,672.7142857142857,11.127189757219794,-0.9522738314205963,4709.0,77.89032830053857
166,167,2020-08-17,100715,503,636.71,8.31999047253576,636.7142857142857,10.531723242286818,-0.5954665149329763,4457.0,73.72206269600773
167,168,2020-08-18,101235,520,627.43,8.601182993476334,627.4285714285714,10.378130688831883,-0.15359255345493494,4392.0,72.64691482182319
168,169,2020-08-19,101649,414,609.29,6.847864921729235,609.2857142857143,10.07803446900455,-0.30009621982733314,4265.0,70.54624128303186
169,170,2020-08-20,102229,580,581.29,9.593627185031295,581.2857142857143,9.614893846278902,-0.46314062272564804,4069.0,67.30425692395231
170,171,2020-08-21,102899,670,574.86,11.082293472363737,574.8571428571429,9.50856054004087,-0.10633330623803161,4024.0,66.55992378028608
171,172,2020-08-22,103523,624,547.14,10.3214195921716,547.1428571428571,9.050145842036912,-0.45841469800395807,3830.0,63.35102089425838
172,173,2020-08-23,104102,579,555.71,9.577086448505378,555.7142857142857,9.19192358368762,0.14177774165070822,3890.0,64.34346508581334
173,174,2020-08-24,104669,567,564.86,9.378597610194387,564.8571428571429,9.343153174781708,0.15122959109408818,3954.0,65.40207222347196
174,175,2020-08-25,105046,377,544.43,6.235857670270342,544.4285714285714,9.005249557180854,-0.33790361760085474,3811.0,63.03674690026598
175,176,2020-08-26,105486,440,548.14,7.277924071403051,548.1428571428571,9.066686578562827,0.06143702138197327,3837.0,63.46680604993979
176,177,2020-08-27,106063,577,547.71,9.544004975453547,547.7142857142857,9.059597691480292,-0.007088887082534967,3834.0,63.41718384036204
177,178,2020-08-28,106664,601,537.86,9.940982652075531,537.8571428571429,8.896553288581975,-0.16304440289831668,3765.0,62.27587302007384
178,179,2020-08-29,107294,630,538.71,10.420664011327096,538.7142857142857,8.910731062747049,0.014177774165073487,3771.0,62.375117439229335
179,180,2020-08-30,107791,497,527.0,8.220746053380264,527.0,8.716968149157745,-0.1937629135893033,3689.0,61.018777044104226
180,181,2020-08-31,108249,458,511.43,7.57565732886954,511.42857142857144,8.459405251825626,-0.2575628973321198,3580.0,59.215836762779375
181,182,2020-09-01,108863,614,545.29,10.15601222691244,545.2857142857143,9.019427331345925,0.5600220795202997,3817.0,63.13599131942148
182,183,2020-09-02,109319,456,547.57,7.542575855817708,547.5714285714286,9.057234729119447,0.0378073977735216,3833.0,63.400643103836124
183,184,2020-09-03,110012,693,564.14,11.462730412459806,564.1428571428571,9.331338362977485,0.27410363385803826,3949.0,65.31936854084239
184,185,2020-09-04,110831,819,595.29,13.546863214725224,595.2857142857143,9.846464157641725,0.5151257946642396,4167.0,68.92524910349208
185,186,2020-09-05,111607,776,616.14,12.835611544110835,616.1428571428571,10.191456662325118,0.34499250468339326,4313.0,71.34019663627582
186,187,2020-09-06,112119,512,618.29,8.468857101269005,618.2857142857143,10.226901097737795,0.03544443541267661,4328.0,71.58830768416456
187,188,2020-09-07,112883,764,662.0,12.637122705799845,662.0,10.94996758015641,0.7230664824186146,4634.0,76.64977306109486
188,189,2020-09-08,113239,356,625.14,5.888502203226105,625.1428571428571,10.340323291058363,-0.6096442890980462,4376.0,72.38226303740853
189,190,2020-09-09,113575,336,608.0,5.5576874727077845,608.0,10.056767807756945,-0.2835554833014182,4256.0,70.3973746542986
190,191,2020-09-10,114078,503,580.86,8.31999047253576,580.8571428571429,9.607804959196367,-0.4489628485605781,4066.0,67.25463471437456
191,192,2020-09-11,114724,646,556.14,10.685315795741753,556.1428571428571,9.199012470770155,-0.4087924884262115,3893.0,64.39308729539108
192,193,2020-09-12,115533,809,560.86,13.381455849466064,560.8571428571429,9.276990228678045,0.07797775790788997,3926.0,64.93893160074632
193,194,2020-09-13,116110,577,570.14,9.544004975453547,570.1428571428571,9.430582782132978,0.15359255345493317,3991.0,66.01407947493087
194,195,2020-09-14,116646,536,537.57,8.86583477789099,537.5714285714286,8.891827363860285,-0.538755418272693,3763.0,62.24279154702201
195,196,2020-09-15,117245,599,572.29,9.9079011790237,572.2857142857143,9.466027217545657,0.5741998536853714,4006.0,66.2621905228196
196,197,2020-09-16,117888,643,616.14,10.635693586164004,616.1428571428571,10.191456662325118,0.7254294447794614,4313.0,71.34019663627582
197,198,2020-09-17,118519,631,634.43,10.437204747853013,634.4285714285714,10.493915844513296,0.30245918218817813,4441.0,73.45741091159307
198,199,2020-09-18,119062,543,619.71,8.981619933572402,619.7142857142857,10.250530721346246,-0.24338512316704985,4338.0,71.75371504942372
199,200,2020-09-19,119744,682,601.57,11.280782310674729,601.5714285714286,9.950434501518911,-0.3000962198273349,4211.0,69.65304151063239
200,201,2020-09-20,120156,412,578.0,6.814783448677403,578.0,9.560545711979461,-0.38988878953944983,4046.0,66.92381998385625
201,202,2020-09-21,120568,412,560.29,6.814783448677403,560.2857142857143,9.267538379234665,-0.2930073327447964,3922.0,64.87276865464266
202,203,2020-09-22,120912,344,523.86,5.690013364915113,523.8571428571429,8.664982977219152,-0.602555402015513,3667.0,60.65488084053406
203,204,2020-09-23,121297,385,487.0,6.368183562477671,487.0,8.055338688121106,-0.6096442890980462,3409.0,56.38737081684773
204,205,2020-09-24,121800,503,468.71,8.31999047253576,468.7142857142857,7.752879505932926,-0.3024591821881799,3281.0,54.270156541530476
205,206,2020-09-25,122359,559,471.0,9.246271717987058,471.0,7.790686903706448,0.03780739777352249,3297.0,54.534808325945136
206,207,2020-09-26,122972,613,461.14,10.139471490386525,461.14285714285717,7.627642500808133,-0.1630444028983149,3228.0,53.39349750565694
207,208,2020-09-27,123403,431,463.86,7.129057442669808,463.85714285714283,7.672538785664192,0.044896284856058344,3247.0,53.70777149964934
208,209,2020-09-28,123880,477,473.14,7.889931322861944,473.14285714285717,7.826131339119125,0.15359255345493317,3312.0,54.78291937383388
209,210,2020-09-29,124311,431,485.57,7.129057442669808,485.57142857142856,8.031709064512654,0.20557772539352914,3399.0,56.22196345158858
210,211,2020-09-30,124725,414,489.71,6.847864921729235,489.7142857142857,8.100234972977164,0.06852590846451001,3428.0,56.701644810840136
211,212,2020-10-01,125510,785,530.0,12.98447817284408,530.0,8.766590358735494,0.6663553857583295,3710.0,61.36613251114846
212,213,2020-10-02,126222,712,551.86,11.77700440645221,551.8571428571429,9.128123599944802,0.3615332412093082,3863.0,63.89686519961361
213,214,2020-10-03,126819,597,549.57,9.874819705971868,549.5714285714286,9.090316202171278,-0.03780739777352338,3847.0,63.63221341519895
214,215,2020-10-04,127290,471,555.29,7.790686903706448,555.2857142857143,9.184834696605083,0.09451849443380489,3887.0,64.29384287623559
215,216,2020-10-05,127791,501,558.71,8.286908999483929,558.7142857142857,9.241545793265368,0.056711096660285065,3911.0,64.69082055285757
216,217,2020-10-06,128204,413,556.14,6.831324185203319,556.1428571428571,9.199012470770157,-0.04253332249521158,3893.0,64.39308729539108
217,218,2020-10-07,128664,460,562.71,7.608738801921372,562.7142857142857,9.307708739369032,0.10869626859887482,3939.0,65.15396117558322
218,219,2020-10-08,129425,761,559.29,12.587500496222097,559.2857142857143,9.25099764270875,-0.05671109666028151,3915.0,64.75698349896125
219,220,2020-10-09,130159,734,562.43,12.140900610022364,562.4285714285714,9.302982814647342,0.051985171938591535,3937.0,65.1208797025314
220,221,2020-10-10,130795,636,568.0,10.519908430482593,568.0,9.395138346720302,0.0921555320729599,3976.0,65.76596842704211
221,222,2020-10-11,131357,562,581.0,9.295893927564807,581.0,9.610167921557212,0.21502957483691,4067.0,67.27117545090047
222,223,2020-10-12,131861,504,581.43,8.336531209061677,581.4285714285714,9.617256808639748,0.007088887082536743,4070.0,67.32079766047823
223,224,2020-10-13,132343,482,591.29,7.972635005491525,591.2857142857143,9.780301211538061,0.16304440289831312,4139.0,68.46210848076643
224,225,2020-10-14,132918,575,607.71,9.510923502401715,607.7142857142857,10.052041883035255,0.2717406714971933,4254.0,70.36429318124678
225,226,2020-10-15,133548,630,589.0,10.420664011327096,589.0,9.74249381376454,-0.3095480692707149,4123.0,68.19745669635176
226,227,2020-10-16,134329,781,595.71,12.918315226740416,595.7142857142857,9.853553044724261,0.11105923095972159,4170.0,68.97487131306983
227,228,2020-10-17,135127,798,618.86,13.19950774768099,618.8571428571429,10.236352947181174,0.3827999024569131,4332.0,71.65447063026822
228,229,2020-10-18,135657,530,614.29,8.766590358735494,614.2857142857143,10.160738151634131,-0.0756147955470432,4300.0,71.12516706143892
229,230,2020-10-19,136154,497,613.29,8.220746053380264,613.2857142857143,10.144197415108215,-0.0165407365259167,4293.0,71.0093819057575
230,231,2020-10-20,136744,590,628.71,9.759034550290457,628.7142857142857,10.399397350079491,0.2551999349712766,4401.0,72.79578145055643
231,232,2020-10-21,137236,492,616.86,8.138042370750686,616.8571428571429,10.203271474129343,-0.1961258759501483,4318.0,71.42290031890539
232,233,2020-10-22,137979,743,633.0,12.289767238755607,633.0,10.470286220904844,0.2670147467755015,4431.0,73.29200354633392
233,234,2020-10-23,138691,712,623.14,11.77700440645221,623.1428571428571,10.30724181800653,-0.1630444028983149,4362.0,72.1506927260457
234,235,2020-10-24,139487,796,622.86,13.166426274629158,622.8571428571429,10.30251589328484,-0.004725924721689978,4360.0,72.11761125299387
235,236,2020-10-25,140279,792,660.29,13.100263328525493,660.2857142857143,10.921612031826267,0.619096138541428,4622.0,76.45128422278387
236,237,2020-10-26,140844,565,670.0,9.345516137142555,670.0,11.082293472363736,0.16068144053746813,4690.0,77.57605430654617
237,238,2020-10-27,141741,897,713.86,14.837040663746674,713.8571428571429,11.807722917143197,0.7254294447794614,4997.0,82.65406042000238
238,239,2020-10-28,142425,684,741.29,11.313863783726562,741.2857142857143,12.261411690425465,0.4536887732822681,5189.0,85.82988183297826
239,240,2020-10-29,143387,962,772.57,15.912188537931218,772.5714285714286,12.778900447450553,0.5174887570250881,5408.0,89.45230313215387
240,241,2020-10-30,144314,927,803.29,15.333262759524157,803.2857142857143,13.28693735503226,0.5080369075817064,5623.0,93.00856148522581
241,242,2020-10-31,145281,967,827.71,15.994892220560798,827.7142857142857,13.69100391873678,0.40406656370451977,5794.0,95.83702743115747
242,243,2020-11-01,146145,864,838.0,14.291196358391447,838.0,13.861137208717631,0.17013328998085164,5866.0,97.02796046102341
243,244,2020-11-02,146995,850,878.71,14.059626047028623,878.7142857142857,14.534581481558499,0.673444272840868,6151.0,101.74207037090947
244,245,2020-11-03,147766,771,860.71,12.752907861481255,860.7142857142857,14.23684822409201,-0.29773325746648993,6025.0,99.65793756864406
245,246,2020-11-04,148766,1000,905.86,16.540736525916024,905.8571428571429,14.983544330119075,0.7466961060270663,6341.0,104.88481031083353
246,247,2020-11-05,149964,1198,939.57,19.8158023580474,939.5714285714286,15.541203447278528,0.5576591171594529,6577.0,108.7884241309497
247,248,2020-11-06,151505,1541,1027.29,25.489274986436598,1027.2857142857142,16.99206233683745,1.450858889558921,7191.0,118.94443635786214
248,249,2020-11-07,152915,1410,1090.57,23.322438501541594,1090.5714285714287,18.03885466269185,1.0467923258544012,7634.0,126.27198263884296
249,250,2020-11-08,153996,1081,1121.57,17.880536184515222,1121.5714285714287,18.551617494995245,0.5127628323033946,7851.0,129.86132246496672
250,251,2020-11-09,155371,1375,1196.57,22.743512723134536,1196.5714285714287,19.792172734438946,1.240555239443701,8376.0,138.54520914107263
251,252,2020-11-10,156709,1338,1277.57,22.131505471675645,1277.5714285714287,21.131972393038147,1.3397996585992011,8943.0,147.92380675126702
252,253,2020-11-11,158423,1714,1379.57,28.350822405420068,1379.5714285714287,22.81912751868158,1.6871551256434323,9657.0,159.73389263077107
253,254,2020-11-12,159900,1477,1419.43,24.43066784877797,1419.4285714285713,23.478394017357378,0.6592664986757981,9936.0,164.34875812150165
254,255,2020-11-13,161769,1869,1466.29,30.914636566937055,1466.2857142857142,24.253445671714584,0.7750516543572061,10264.0,169.7741197020021
255,256,2020-11-14,164090,2321,1596.43,38.3910494766511,1596.4285714285713,26.40610438244451,2.152658710729927,11175.0,184.84273067711158
256,257,2020-11-15,165930,1840,1704.86,30.434955207685487,1704.857142857143,28.199592814325978,1.7934884318814674,11934.0,197.39714970028183
257,258,2020-11-16,167656,1726,1755.0,28.54931124373106,1755.0,29.028992602982623,0.8293997886566444,12285.0,203.20294822087837
258,259,2020-11-17,169805,2149,1870.86,35.54604279419354,1870.857142857143,30.94535507762804,1.9163624746454175,13096.0,216.61748554339627
259,260,2020-11-18,171823,2018,1914.29,33.37920630929854,1914.2857142857142,31.66369563532496,0.7183405576969193,13400.0,221.64586944727478
260,261,2020-11-19,174733,2910,2119.0,48.13354329041564,2119.0,35.049820698416056,3.3861250630910966,14833.0,245.34874488891242
261,262,2020-11-20,177086,2353,2188.14,38.920353045480404,2188.1428571428573,36.19349448106511,1.1436737826490528,15317.0,253.35446136745577
262,263,2020-11-21,179971,2885,2268.71,47.72002487726774,2268.714285714286,37.52620525258177,1.332710771516659,15881.0,262.6834367680724
263,264,2020-11-22,182139,2168,2315.57,35.86031678818594,2315.5714285714284,38.30125690693898,0.7750516543572132,16209.0,268.10879834857286
264,265,2020-11-23,183797,1658,2305.86,27.424541159968772,2305.8571428571427,38.14057546640151,-0.16068144053747346,16141.0,266.98402826481055
265,266,2020-11-24,185464,1667,2237.0,27.573407788702017,2237.0,37.00162760847415,-1.1389478579273558,15659.0,259.01139325931905
266,267,2020-11-25,188161,2697,2334.0,44.61036641039552,2334.0,38.606079051488,1.6044514430138506,16338.0,270.242553360416
267,268,2020-11-26,190480,2319,2249.57,38.35796800359926,2249.5714285714284,37.20956829622852,-1.3965107552594844,15747.0,260.46697807359965
268,269,2020-11-27,192858,2378,2253.14,39.333871458628316,2253.1428571428573,37.26864235524965,0.05907405902113538,15772.0,260.8804964867476
269,270,2020-11-28,194448,1590,2068.14,26.299771076206483,2068.1428571428573,34.20860609795519,-3.0600362572944633,14477.0,239.46024268568632
270,271,2020-11-29,196447,1999,2044.0,33.06493231530614,2044.0,33.809265458972355,-0.3993406389828351,14308.0,236.6648582128065
271,272,2020-11-30,198370,1923,2081.86,31.807836339336518,2081.8571428571427,34.43545048459632,0.6261850256239683,14573.0,241.04815339217427
272,273,2020-12-01,201135,2765,2238.71,45.735136494157814,2238.714285714286,37.02998315680429,2.5945326722079685,15671.0,259.20988209763004
273,274,2020-12-02,203355,2220,2170.57,36.72043508753358,2170.5714285714284,35.90285011068116,-1.1271330461231344,15194.0,251.3199507747681
274,275,2020-12-03,205399,2044,2131.29,33.809265458972355,2131.285714285714,35.25303546144874,-0.6498146492324182,14919.0,246.7712482301412
275,276,2020-12-04,209191,3792,2333.29,62.72247290627357,2333.285714285714,38.59426423968379,3.341228778235049,16333.0,270.15984967778644
276,277,2020-12-05,212384,3193,2562.29,52.81457172724987,2562.285714285714,42.38209290411855,3.7878286644347625,17936.0,296.67465032882984
277,278,2020-12-06,215027,2643,2654.29,43.71716663799606,2654.285714285714,43.90384066450282,1.5217477603842724,18580.0,307.3268846515197
278,279,2020-12-07,217329,2302,2708.43,38.0767754826587,2708.4285714285716,44.79940339926314,0.8955627347603183,18959.0,313.595823794842
279,280,2020-12-08,219961,2632,2689.43,43.53521853621098,2689.4285714285716,44.48512940527073,-0.3142739939924084,18826.0,311.3959058368951
280,281,2020-12-09,222653,2692,2756.86,44.52766272776594,2756.8571428571427,45.60044763958964,1.1153182343189059,19298.0,319.20313347712744
281,282,2020-12-10,225855,3202,2922.29,52.96343835598311,2922.285714285714,48.33675805344832,2.736310413858682,20456.0,338.35730637413826
282,283,2020-12-11,228471,2616,2754.29,43.27056675179632,2754.285714285714,45.55791431709442,-2.778843736353899,19280.0,318.905400219661
283,284,2020-12-12,232009,3538,2803.57,58.5211258286909,2803.5714285714284,46.373136331586004,0.8152220144915816,19625.0,324.611954321102
284,285,2020-12-13,234647,2638,2802.86,43.63446295536647,2802.8571428571427,46.361321519781775,-0.011814811804228498,19620.0,324.52925063847243
285,286,2020-12-14,236961,2314,2804.57,38.27526432096968,2804.5714285714284,46.38967706811191,0.028355548330132763,19632.0,324.7277394767834
286,287,2020-12-15,239362,2401,2771.57,39.71430839872438,2771.5714285714284,45.84383276275668,-0.5458443053552244,19401.0,320.9068293392968
287,288,2020-12-16,241767,2405,2730.57,39.780471344828044,2730.5714285714284,45.165662565194125,-0.678170197562558,19114.0,316.15963795635895
288,289,2020-12-17,243984,2217,2589.86,36.67081287795583,2589.8571428571427,42.83814463976166,-2.327517925432467,18129.0,299.8670124783316
289,290,2020-12-18,246553,2569,2583.14,42.49315213507827,2583.1428571428573,42.72708540880194,-0.11105923095971804,18082.0,299.0895978616136
290,291,2020-12-19,248754,2201,2392.14,36.40616109354117,2392.1428571428573,39.56780473235198,-3.15928067644996,16745.0,276.97463312646386
291,292,2020-12-20,250808,2054,2308.71,33.97467282423152,2308.714285714286,38.187834713618415,-1.379970018733566,16161.0,267.3148429953289
292,293,2020-12-21,253073,2265,2301.71,37.4647682311998,2301.714285714286,38.07204955793701,-0.11578515568140801,16112.0,266.50434690555903
293,294,2020-12-22,255397,2324,2290.71,38.440671686228846,2290.714285714286,37.890101456151925,-0.18194810178508192,16035.0,265.2307101930635
294,295,2020-12-23,257862,2465,2299.29,40.772915536383,2299.285714285714,38.03187919780264,0.14177774165071355,16095.0,266.22315438461845
295,296,2020-12-24,260728,2866,2392.0,47.40575088327533,2392.0,39.56544176999113,1.5335625721884938,16744.0,276.958092389938
296,297,2020-12-25,263160,2432,2372.43,40.22707123102777,2372.4285714285716,39.241715926555344,-0.32372584343578836,16607.0,274.69201148588746
297,298,2020-12-26,265440,2280,2383.71,37.71287927908854,2383.714285714286,39.428389953062116,0.1866740265067719,16686.0,275.99872967143483
298,299,2020-12-27,267198,1758,2341.43,29.078614812560375,2341.4285714285716,38.72895309425195,-0.6994368588101665,16390.0,271.1026716597637
299,300,2020-12-28,269183,1985,2301.43,32.833362003943314,2301.4285714285716,38.06732363321531,-0.6616294610366396,16110.0,266.47126543250715
300,301,2020-12-29,271061,1878,2237.71,31.0635031956703,2237.714285714286,37.01344242027837,-1.0538812129369362,15664.0,259.09409694194864
301,302,2020-12-30,273689,2628,2261.0,43.46905559010732,2261.0,37.39860528509614,0.3851628648177652,15827.0,261.79023699567296
302,303,2020-12-31,276662,2973,2276.29,49.175609691548345,2276.285714285714,37.65144225770656,0.2528369726104245,15934.0,263.56009580394596
303,304,2021-01-01,280219,3557,2437.0,58.8353998226833,2437.0,40.30977491365736,2.658332655950794,17059.0,282.16842439560145
304,305,2021-01-02,283171,2952,2533.0,48.828254224504114,2533.0,41.897685620145296,1.5879107064879392,17731.0,293.2837993410171
305,306,2021-01-03,285319,2148,2588.71,35.52950205766763,2588.714285714286,42.819240940874906,0.9215553207296097,18121.0,299.7346865861243
306,307,2021-01-04,287802,2483,2659.86,41.07064879384949,2659.8571428571427,43.99599619657579,1.1767552557008827,18619.0,307.9719733760305
307,308,2021-01-05,289758,1956,2671.0,32.35368064469175,2671.0,44.180307260721705,0.18431106414591625,18697.0,309.26215082505195
308,309,2021-01-06,292904,3146,2745.0,52.037157110531815,2745.0,45.40432176363949,1.2240145029177825,19215.0,317.8302523454764
309,310,2021-01-07,295874,2970,2744.57,49.125987481970604,2744.5714285714284,45.39723287655696,-0.007088887082524309,19212.0,317.78063013589866
310,311,2021-01-08,299606,3732,2769.57,61.730028714718614,2769.5714285714284,45.810751289704854,0.41351841314789084,19387.0,320.675259027934
311,312,2021-01-09,303364,3758,2884.71,62.16008786439242,2884.714285714286,47.71529895254604,1.904547662841189,20193.0,334.0070926678223
312,313,2021-01-10,306674,3310,3050.71,54.74983790078205,3050.714285714286,50.4610612158481,2.745762263302055,21355.0,353.2274285109367
313,314,2021-01-11,309686,3012,3126.29,49.82069841605907,3126.285714285714,51.71106830473519,1.250007088887095,21884.0,361.9774781331463
314,315,2021-01-12,312351,2665,3227.57,44.08106284156621,3227.5714285714284,53.3864086185744,1.6753403138392073,22593.0,373.7048603300208
315,316,2021-01-13,314867,2516,3137.57,41.61649309920472,3137.5714285714284,51.89774233124196,-1.4886662873324426,21963.0,363.28419631869366
316,317,2021-01-14,317815,2948,3134.43,48.76209127840044,3134.4285714285716,51.84575715930335,-0.05198517193860397,21941.0,362.92030011512355
317,318,2021-01-15,320739,2924,3019.0,48.36511360177846,3019.0,49.93648357174048,-1.909273587562872,21133.0,349.5553850021834
318,319,2021-01-16,324031,3292,2952.43,54.45210464331556,2952.4285714285716,48.835343111586646,-1.101140460153836,20667.0,341.8474017811065
319,320,2021-01-17,326445,2414,2824.43,39.92933797356129,2824.4285714285716,46.71812883626939,-2.1172142753172523,19771.0,327.02690185388576
320,321,2021-01-18,328214,1769,2646.86,29.26056291434545,2646.8571428571427,43.78096662173887,-2.937162214530524,18528.0,306.4667663521721
321,322,2021-01-19,330186,1972,2547.86,32.6183324291064,2547.8571428571427,42.14343370567319,-1.6375329160656804,17835.0,295.0040359397123
322,323,2021-01-20,332353,2167,2498.0,35.84377605166003,2498.0,41.318759841738235,-0.8246738639349545,17486.0,289.2313188921676
323,324,2021-01-21,334519,2166,2386.29,35.82723531513411,2386.285714285714,39.470923275557325,-1.8478365661809093,16704.0,276.2964629289013
324,325,2021-01-22,336915,2396,2310.86,39.6316047160948,2310.8571428571427,38.22327914903109,-1.2476441265262324,16176.0,267.56295404321764
325,326,2021-01-23,339307,2392,2182.29,39.56544176999113,2182.285714285714,36.09661302427046,-2.126666124760632,15276.0,252.6762911698932
326,327,2021-01-24,341452,2145,2143.86,35.47987984808988,2143.8571428571427,35.46097614920311,-0.6356368750673482,15007.0,248.22683304442182
327,328,2021-01-25,343138,1686,2132.0,27.88768178269442,2132.0,35.26485027325297,-0.19612587595014475,14924.0,246.85395191277078
328,329,2021-01-26,344620,1482,2062.0,24.513371531407554,2062.0,34.106998716438845,-1.1578515568141228,14434.0,238.7489910150719
329,330,2021-01-27,346559,1939,2029.43,32.07248812375118,2029.4285714285713,33.56824329816615,-0.538755418272693,14206.0,234.97770308716306
330,331,2021-01-28,348749,2190,2032.86,36.2242129917561,2032.857142857143,33.62495439482644,0.05671109666028684,14230.0,235.37468076378505
331,332,2021-01-29,350629,1880,1959.14,31.096584668722127,1959.142857142857,32.40566581663034,-1.2192885781960996,13714.0,226.8396607164124
332,333,2021-01-30,352726,2097,1917.0,34.68592449484591,1917.0,31.70859192018102,-0.6970738964493179,13419.0,221.96014344126715
333,334,2021-01-31,354473,1747,1860.14,28.896666710775296,1860.142857142857,30.768132900564655,-0.940459019616366,13021.0,215.37693030395255
334,335,2021-02-01,355636,1163,1785.43,19.236876579640338,1785.4285714285713,29.532303585842644,-1.235829314722011,12498.0,206.72612510089849
335,336,2021-02-02,356541,905,1703.0,14.969366555954005,1703.0,28.168874303634993,-1.363429282207651,11921.0,197.18212012544495
336,337,2021-02-03,357483,942,1560.57,15.581373807412897,1560.5714285714287,25.81300082987238,-2.355873473762614,10924.0,180.69100580910666
337,338,2021-02-04,359037,1554,1469.71,25.704304561273503,1469.7142857142858,24.310156768374867,-1.5028440614975125,10288.0,170.17109737862407
338,339,2021-02-05,360584,1547,1422.14,25.58851940559209,1422.142857142857,23.523290302213432,-0.7868664661614346,9955.0,164.66303211549405
339,340,2021-02-06,362084,1500,1336.86,24.81110478887404,1336.857142857143,22.11260177278888,-1.4106885294245508,9358.0,154.78821240952217
340,341,2021-02-07,363650,1566,1311.0,25.902793399584496,1311.0,21.68490558547591,-0.42769618731297143,9177.0,151.79433909833136
341,342,2021-02-08,364553,903,1273.86,14.93628508290217,1273.857142857143,21.07053537165617,-0.6143702138197398,8917.0,147.4937476015932
342,343,2021-02-09,365529,976,1284.0,16.14375884929404,1284.0,21.238305699276175,0.16777032762000488,8988.0,148.66813989493323
343,344,2021-02-10,366666,1137,1311.86,18.80681742996652,1311.857142857143,21.69908335964098,0.46077766036480483,9183.0,151.89358351748686
344,345,2021-02-11,367865,1199,1261.14,19.832343094573314,1261.142857142857,20.860231721540952,-0.8388516381000279,8828.0,146.02162205078668
345,346,2021-02-12,368977,1112,1199.0,18.39329901681862,1199.0,19.832343094573314,-1.0278886269676377,8393.0,138.8264016620132
346,347,2021-02-13,370136,1159,1150.29,19.170713633536675,1150.2857142857142,19.02657292952512,-0.8057701650481945,8052.0,133.18601050667584
347,348,2021-02-14,370983,847,1047.57,14.010003837450874,1047.5714285714287,17.32760299207746,-1.6989699374476608,7333.0,121.29322094454223
348,349,2021-02-15,371705,722,1021.71,11.942411771711372,1021.7142857142857,16.899906804764488,-0.42769618731297143,7152.0,118.29934763335142
349,350,2021-02-16,372221,516,956.0,8.535020047372669,956.0,15.812944118775722,-1.086962685988766,6692.0,110.69060883143005
350,351,2021-02-17,372980,759,902.0,12.554419023170263,902.0,14.919744346376254,-0.893199772399468,6314.0,104.43821042463378
351,352,2021-02-18,373966,986,871.57,16.3091662145532,871.5714285714286,14.416433363516239,-0.5033109828600146,6101.0,100.91503354461366
352,353,2021-02-19,374974,1008,856.71,16.673062418123354,856.7142857142857,14.170685277988342,-0.24574808552789662,5997.0,99.19479694591841
353,354,2021-02-20,375737,763,800.14,12.620581969273928,800.1428571428571,13.234952183093665,-0.9357330948946778,5601.0,92.64466528165566
354,355,2021-02-21,376355,618,767.43,10.222175173016105,767.4285714285714,12.693833802460128,-0.5411183806335362,5372.0,88.85683661722089
355,356,2021-02-22,376966,611,751.57,10.106390017334691,751.5714285714286,12.431544980406315,-0.2622888220538133,5261.0,87.02081486284422
356,357,2021-02-23,377628,662,772.43,10.94996758015641,772.4285714285714,12.776537485089706,0.3449925046833915,5407.0,89.43576239562796
357,358,2021-02-24,378490,862,787.14,14.258114885339616,787.1428571428571,13.01992260825676,0.2433851231670534,5510.0,91.1394582577973
358,359,2021-02-25,379466,976,785.71,16.14375884929404,785.7142857142857,12.996292984648306,-0.023629623608453443,5500.0,90.97405089253814
359,360,2021-02-26,380436,970,780.29,16.044514430138545,780.2857142857143,12.906500414936191,-0.08979256971211491,5462.0,90.34550290455333
360,361,2021-02-27,381272,836,790.71,13.8280557356658,790.7142857142857,13.078996667277888,0.17249625234169663,5535.0,91.5529766709452
361,362,2021-02-28,382099,827,820.57,13.679189106932554,820.5714285714286,13.572855800694523,0.4938591334166347,5744.0,95.00999060486166
362,363,2021-03-01,382702,603,819.43,9.974064125127365,819.4285714285714,13.553952101807763,-0.018903698886759912,5736.0,94.87766471265432
363,364,2021-03-02,383170,468,791.71,7.741064694128701,791.7142857142857,13.095537403803803,-0.45841469800395984,5542.0,91.66876182662662
364,365,2021-03-03,383956,786,780.86,13.001018909369996,780.8571428571429,12.915952264379573,-0.17958513942422982,5466.0,90.411665850657
365,366,2021-03-04,384765,809,757.0,13.381455849466064,757.0,12.521337550118432,-0.3946147142611416,5299.0,87.64936285082902
366,367,2021-03-05,385678,913,748.86,15.101692448161332,748.8571428571429,12.38664869555026,-0.13468885456817148,5242.0,86.70654086885182
367,368,2021-03-06,386610,932,762.57,15.415966442153737,762.5714285714286,12.613493082191393,0.22684438664113316,5338.0,88.29445157533975
368,369,2021-03-07,387319,709,745.71,11.727382196874462,745.7142857142857,12.334663523611665,-0.27882955857972824,5220.0,86.34264466528165
369,370,2021-03-08,388035,716,761.86,11.843167352555875,761.8571428571429,12.601678270387167,0.2670147467755015,5333.0,88.21174789271016
370,371,2021-03-09,388666,631,785.14,10.437204747853013,785.1428571428571,12.986841135204926,0.38516286481775985,5496.0,90.90788794643449
371,372,2021-03-10,389566,900,801.43,14.886662873324422,801.4285714285714,13.256218844341273,0.2693777091363465,5610.0,92.79353191038891
372,373,2021-03-11,390490,924,817.86,15.283640549946409,817.8571428571429,13.527959515838463,0.2717406714971897,5725.0,94.69571661086924
373,374,2021-03-12,391480,990,828.86,16.375329160656865,828.8571428571429,13.70990761762354,0.1819481017850766,5802.0,95.96935332336479
374,375,2021-03-13,392581,1101,853.0,18.211350915033545,853.0,14.109248256606369,0.3993406389828298,5971.0,98.7647377962446
375,376,2021-03-14,393441,860,874.57,14.225033412287782,874.5714285714286,14.466055573093987,0.3568073164876182,6122.0,101.2623890116579
376,377,2021-03-15,394058,617,860.43,10.205634436490188,860.4285714285714,14.232122299370317,-0.2339332737236699,6023.0,99.62485609559222
377,378,2021-03-16,394716,658,864.29,10.883804634052744,864.2857142857143,14.295922283113137,0.06379998374282003,6050.0,100.07145598179197
378,379,2021-03-17,395633,917,866.71,15.167855394264995,866.7142857142857,14.336092643247506,0.040170360134368366,6067.0,100.35264850273252
379,380,2021-03-18,396746,1113,893.71,18.40983975334454,893.7142857142857,14.782692529447237,0.44659988619973134,6256.0,103.47884770613065
380,381,2021-03-19,397898,1152,916.86,19.05492847785526,916.8571428571429,15.165492431904152,0.38279990245691486,6418.0,106.15844702332906
381,382,2021-03-20,399016,1118,919.29,18.492543435974117,919.2857142857143,15.205662792038519,0.04017036013436659,6435.0,106.43963954426961
382,383,2021-03-21,400023,1007,940.29,16.65652168159744,940.2857142857143,15.553018259082753,0.3473554670442347,6582.0,108.87112781357928
383,384,2021-03-22,400705,682,949.57,11.280782310674729,949.5714285714286,15.70661081253769,0.15359255345493672,6647.0,109.94627568776383
384,385,2021-03-23,401427,722,958.71,11.942411771711372,958.7142857142857,15.857840403631778,0.15122959109408818,6711.0,111.00488282542246
385,386,2021-03-24,402600,1173,995.29,19.402283944899498,995.2857142857143,16.462758768008136,0.604918364376358,6967.0,115.23931137605696
386,387,2021-03-25,403982,1382,1033.71,22.859297878815948,1033.7142857142858,17.09839564307548,0.6356368750673447,7236.0,119.68876950152836
387,388,2021-03-26,405343,1361,1063.57,22.511942411771713,1063.5714285714287,17.592254776492116,0.4938591334166347,7445.0,123.14578343544483
388,389,2021-03-27,406709,1366,1099.0,22.59464609440129,1099.0,18.178269441981715,0.5860146654895999,7693.0,127.24788609387198
389,390,2021-03-28,408044,1335,1145.86,22.081883262097897,1145.857142857143,18.95332109633892,0.7750516543572061,8021.0,132.67324767437245
390,391,2021-03-29,409075,1031,1195.71,17.053499358219423,1195.7142857142858,19.777994960273876,0.8246738639349545,8370.0,138.44596472191714
391,392,2021-03-30,409978,903,1221.57,14.93628508290217,1221.5714285714287,20.20569114758685,0.427696187312975,8551.0,141.43983803310795
392,393,2021-03-31,411344,1366,1249.14,22.59464609440129,1249.142857142857,20.661742883229966,0.45605173564311485,8744.0,144.63220018260972
393,394,2021-04-01,412928,1584,1278.0,26.200526657050986,1278.0,21.139061280120682,0.4773183968907162,8946.0,147.97342896084476
394,395,2021-04-02,414385,1457,1291.71,24.09985311825965,1291.7142857142858,21.365905666761815,0.22684438664113316,9042.0,149.5613396673327
395,396,2021-04-03,415660,1275,1278.71,21.089439070542934,1278.7142857142858,21.150876091924907,-0.2150295748369082,8951.0,148.05613264347434
396,397,2021-04-04,417329,1669,1326.43,27.60648926175385,1326.4285714285713,21.940105520447187,0.7892294285222796,9285.0,153.5807386431303
397,398,2021-04-05,418188,859,1301.86,14.208492675761867,1301.857142857143,21.53367599438182,-0.40642952606536653,9113.0,150.73573196067275
398,399,2021-04-06,419055,867,1296.71,14.340818567969196,1296.7142857142858,21.448609349391397,-0.08506664499042316,9077.0,150.14026544573977
399,400,2021-04-07,420526,1471,1311.71,24.331423429622475,1311.7142857142858,21.696720397280135,0.24811104788873806,9182.0,151.87704278096095
400,401,2021-04-08,421823,1297,1270.71,21.453335274113087,1270.7142857142858,21.018550199717577,-0.678170197562558,8895.0,147.12985139802305
401,402,2021-04-09,423663,1840,1325.43,30.434955207685487,1325.4285714285713,21.92356478392127,0.9050145842036947,9278.0,153.46495348744887
402,403,2021-04-10,425247,1584,1369.57,26.200526657050986,1369.5714285714287,22.65372015342242,0.7301553695011478,9587.0,158.57604107395693
403,404,2021-04-11,426730,1483,1343.0,24.529912267933465,1343.0,22.214209154305223,-0.4395109991171964,9401.0,155.49946408013656
404,405,2021-04-12,427715,985,1361.0,16.292625478027286,1361.0,22.511942411771713,0.29773325746648993,9527.0,157.58359688240196
405,406,2021-04-13,428799,1084,1392.0,17.93015839409297,1392.0,23.024705244075108,0.5127628323033946,9744.0,161.17293670852575
406,407,2021-04-14,430351,1552,1403.57,25.67122308822167,1403.5714285714287,23.216105195303562,0.19139995122845477,9825.0,162.51273636712494
407,408,2021-04-15,431795,1444,1424.57,23.884823543422744,1424.5714285714287,23.5634606623478,0.34735546704423825,9972.0,164.94422463643463
408,409,2021-04-16,433359,1564,1385.14,25.869711926532663,1385.142857142857,22.91128305075454,-0.6521776115932596,9696.0,160.37898135528178
409,410,2021-04-17,434859,1500,1373.14,24.81110478887404,1373.142857142857,22.71279421244355,-0.19848883831098973,9612.0,158.98955948710486
410,411,2021-04-18,436028,1169,1328.29,19.336120998795835,1328.2857142857142,21.97082403113817,-0.7419701813053798,9298.0,153.7957682179672
411,412,2021-04-19,436659,631,1277.71,10.437204747853013,1277.7142857142858,21.134335355398992,-0.8364886757391794,8944.0,147.94034748779293
412,413,2021-04-20,437584,925,1255.0,15.300181286472325,1255.0,20.758624340024614,-0.3757110153743781,8785.0,145.3103703801723
413,414,2021-04-21,438789,1205,1205.43,19.93158751372881,1205.4285714285713,19.938676400811346,-0.819947939213268,8438.0,139.57073480567942
414,415,2021-04-22,439992,1203,1171.0,19.89850604067698,1171.0,19.369202471847668,-0.5694739289636779,8197.0,135.58441730293367
415,416,2021-04-23,441155,1163,1113.71,19.236876579640338,1113.7142857142858,18.421654565148764,-0.9475479066989045,7796.0,128.95158195604134
416,417,2021-04-24,442351,1196,1070.29,19.782720884995566,1070.2857142857142,17.703314007451837,-0.7183405576969264,7492.0,123.92319805216286
417,418,2021-04-25,443257,906,1032.71,14.985907292479919,1032.7142857142858,17.081854906549566,-0.6214591009022712,7229.0,119.57298434584695
418,419,2021-04-26,443814,557,1022.14,9.213190244935227,1022.1428571428571,16.906995691847023,-0.1748592147025434,7155.0,118.34896984292916
419,420,2021-04-27,444491,677,986.71,11.198078628045149,986.7142857142857,16.320981026357426,-0.5860146654895964,6907.0,114.246867184502
420,421,2021-04-28,445493,1002,957.71,16.573817998967858,957.7142857142857,15.841299667105861,-0.47968135925156474,6704.0,110.88909766974105
421,422,2021-04-29,446459,966,923.86,15.97835148403488,923.8571428571429,15.281277587585564,-0.5600220795202979,6467.0,106.96894311309894
422,423,2021-04-30,447401,942,892.29,15.581373807412897,892.2857142857143,14.759062905838785,-0.5222146817467781,6246.0,103.31344034087151
423,424,2021-05-01,448340,939,855.57,15.53175159783515,855.5714285714286,14.151781579101582,-0.607281326737203,5989.0,99.06247105371108
424,425,2021-05-02,448989,649,818.86,10.734938005319501,818.8571428571429,13.544500252364381,-0.6072813267372013,5732.0,94.81150176655066
425,426,2021-05-03,449509,520,813.57,8.601182993476334,813.5714285714286,13.45707064501311,-0.0874296073512717,5695.0,94.19949451509176
426,427,2021-05-04,450010,501,788.43,8.286908999483929,788.4285714285714,13.041189269504363,-0.4158813755087465,5519.0,91.28832488653055
427,428,2021-05-05,450689,679,742.29,11.231160101096982,742.2857142857143,12.277952426951384,-0.7632368425529794,5196.0,85.94566698865967
428,429,2021-05-06,451267,578,686.86,9.560545711979463,686.8571428571429,11.361123030943464,-0.9168293960079197,4808.0,79.52786121660425
429,430,2021-05-07,452035,768,662.0,12.703285651903506,662.0,10.94996758015641,-0.41115545078705473,4634.0,76.64977306109486
430,431,2021-05-08,452691,656,621.57,10.850723161000914,621.5714285714286,10.281249232037235,-0.6687183481191745,4351.0,71.96874462426064
431,432,2021-05-09,453125,434,590.86,7.178679652247554,590.8571428571429,9.773212324455526,-0.5080369075817082,4136.0,68.41248627118868
432,433,2021-05-10,453401,276,556.0,4.565243281152823,556.0,9.19664950840931,-0.5765628160462164,3892.0,64.37654655886517
433,434,2021-05-11,453800,399,541.43,6.599753873840495,541.4285714285714,8.955627347603107,-0.2410221608062031,3790.0,62.689391433221736
434,435,2021-05-12,454271,471,511.71,7.790686903706448,511.7142857142857,8.464131176547316,-0.49149617105579146,3582.0,59.248918235831205
435,436,2021-05-13,454745,474,496.86,7.840309113284197,496.85714285714283,8.21838309101942,-0.24574808552789484,3478.0,57.52868163713593
436,437,2021-05-14,455257,512,460.29,8.468857101269005,460.2857142857143,7.6134647266430635,-0.6049183643763572,3222.0,53.29425308650144
437,438,2021-05-15,455635,378,420.57,6.2523984067962575,420.57142857142856,6.956561190328111,-0.6569035363149522,2944.0,48.69592833229678
438,439,2021-05-16,456004,369,411.29,6.103531778063014,411.2857142857143,6.802968636873177,-0.15359255345493406,2879.0,47.62078045811224
439,440,2021-05-17,456216,212,402.14,3.5066361434941973,402.14285714285717,6.651739045779088,-0.15122959109408907,2815.0,46.56217332045362
440,441,2021-05-18,456428,212,375.43,3.5066361434941973,375.42857142857144,6.209865084301045,-0.44187396147804314,2628.0,43.46905559010732
441,442,2021-05-19,456765,337,356.29,5.5742282092337,356.2857142857143,5.893228127947795,-0.31663695635324984,2494.0,41.25259689563457
442,443,2021-05-20,457084,319,334.14,5.276494951767212,334.14285714285717,5.526968962016797,-0.36625916593099817,2339.0,38.68878273411759
443,444,2021-05-21,457527,443,324.29,7.327546280980799,324.2857142857143,5.363924559118482,-0.1630444028983149,2270.0,37.547471913829376
444,445,2021-05-22,458048,521,344.71,8.61772373000225,344.7142857142857,5.701828176719339,0.3379036176008565,2413.0,39.91279723703537
445,446,2021-05-23,458292,244,326.86,4.03593971232351,326.85714285714283,5.4064578816136954,-0.29537029510564317,2288.0,37.845205171295866
446,447,2021-05-24,458520,228,329.14,3.771287927908854,329.14285714285717,5.444265279387218,0.03780739777352249,2304.0,38.10985695571052
447,448,2021-05-25,458680,160,321.71,2.6465178441465644,321.7142857142857,5.32139123662327,-0.12287404276394831,2252.0,37.24973865636289
448,449,2021-05-26,458878,198,301.86,3.2750658321313733,301.85714285714283,4.992939468465795,-0.3284517681574748,2113.0,34.95057627926056
449,450,2021-05-27,459095,217,287.29,3.589339826123777,287.2857142857143,4.75191730765959,-0.24102216080620487,2011.0,33.26342115361713
450,451,2021-05-28,459343,248,259.43,4.1021026584271745,259.42857142857144,4.291139647294786,-0.46077766036480394,1816.0,30.0379775310635
451,452,2021-05-29,459528,185,211.43,3.0600362572944646,211.42857142857142,3.497184294050817,-0.7939553532439692,1480.0,24.480290058355717
452,453,2021-05-30,459777,249,212.14,4.11864339495309,212.14285714285714,3.5089991058550427,0.011814811804225833,1485.0,24.562993740985302
453,454,2021-05-31,459894,117,196.29,1.9352661735321752,196.28571428571428,3.246710283801231,-0.26228882205381154,1374.0,22.72697198660862
454,455,2021-06-01,459995,101,187.86,1.6706143891175185,187.85714285714286,3.1072955045113675,-0.13941477928986368,1315.0,21.751068531579577
455,456,2021-06-02,460060,65,168.86,1.0751478741845417,168.85714285714286,2.793021510518963,-0.3142739939924044,1182.0,19.551150573632743
456,457,2021-06-03,460194,134,157.0,2.2164586944727476,157.0,2.596895634568816,-0.19612587595014697,1099.0,18.178269441981712
457,458,2021-06-04,460339,145,142.29,2.3984067962578237,142.28571428571428,2.353510511401766,-0.2433851231670503,996.0,16.47457357981236
458,459,2021-06-05,460471,132,134.71,2.1833772214209155,134.71428571428572,2.228273506276973,-0.12523700512479286,943.0,15.597914543938812
459,460,2021-06-06,460575,104,114.0,1.7202365986952668,114.0,1.8856439639544271,-0.34262954232254583,798.0,13.19950774768099
460,461,2021-06-07,460659,84,109.29,1.3894218681769461,109.28571428571429,1.8076662060465372,-0.07797775790788997,765.0,12.65366344232576
461,462,2021-06-08,460737,78,106.0,1.29017744902145,106.0,1.7533180717470989,-0.0543481342994383,742.0,12.27322650222969
462,463,2021-06-09,460863,126,114.71,2.0841328022654193,114.71428571428571,1.8974587757586525,0.14414070401155366,803.0,13.282211430310568
463,464,2021-06-10,460984,121,112.86,2.0014291196358394,112.85714285714286,1.8667402650676659,-0.030718510690986633,790.0,13.067181855473661
464,465,2021-06-11,461097,113,108.29,1.869103227428511,108.28571428571429,1.7911254695206211,-0.07561479554704476,758.0,12.537878286644348
465,466,2021-06-12,461183,86,101.71,1.4225033412287782,101.71428571428571,1.6824292009217443,-0.10869626859887682,712.0,11.77700440645221
466,467,2021-06-13,461265,82,98.57,1.3563403951251143,98.57142857142857,1.630444028983151,-0.05198517193859331,690.0,11.413108202882057
467,468,2021-06-14,461325,60,95.14,0.9924441915549616,95.14285714285714,1.5737329323228677,-0.05671109666028329,666.0,11.016130526260074
468,469,2021-06-15,461392,67,93.57,1.1082293472363738,93.57142857142857,1.547740346353571,-0.025992585969296655,655.0,10.834182424474996
469,470,2021-06-16,461470,78,86.71,1.29017744902145,86.71428571428571,1.434318153033004,-0.11342219332056702,607.0,10.040227071231028
470,471,2021-06-17,461549,79,80.71,1.306718185547366,80.71428571428571,1.3350737338775078,-0.0992444191554962,565.0,9.345516137142555
471,472,2021-06-18,461635,86,76.86,1.4225033412287782,76.85714285714286,1.271273750134689,-0.06379998374281892,538.0,8.898916250942822
472,473,2021-06-19,461697,62,73.43,1.0255256646067936,73.42857142857143,1.2145626534744054,-0.05671109666028351,514.0,8.501938574320837
473,474,2021-06-20,461739,42,67.71,0.6947109340884731,67.71428571428571,1.1200441590405994,-0.094518494433806,474.0,7.840309113284197
474,475,2021-06-21,461779,40,64.86,0.6616294610366411,64.85714285714286,1.0727849118236965,-0.04725924721690289,454.0,7.509494382765875
475,476,2021-06-22,461828,49,62.29,0.8104960897698853,62.285714285714285,1.0302515893284838,-0.04253332249521269,436.0,7.211761125299387
476,477,2021-06-23,461887,59,59.57,0.9759034550290455,59.57142857142857,0.9853553044724261,-0.04489628485605768,417.0,6.897487131306982
477,478,2021-06-24,461953,66,57.71,1.0916886107104578,57.714285714285715,0.9546367937814393,-0.030718510690986855,404.0,6.682457556470074
478,479,2021-06-25,462017,64,54.57,1.0586071376586257,54.57142857142857,0.902651621842846,-0.05198517193859331,382.0,6.3185613528999225
479,480,2021-06-26,462078,61,54.43,1.0089849280808776,54.42857142857143,0.9002886594820009,-0.0023629623608451,381.0,6.302020616374006
480,481,2021-06-27,462144,66,57.86,1.0916886107104578,57.857142857142854,0.9569997561422844,0.05671109666028351,405.0,6.698998292995991
481,482,2021-06-28,462181,37,57.43,0.6120072514588929,57.42857142857143,0.9499108690597489,-0.007088887082535522,402.0,6.649376083418243
482,483,2021-06-29,462217,36,55.57,0.5954665149329769,55.57142857142857,0.919192358368762,-0.030718510690986855,389.0,6.434346508581334
483,484,2021-06-30,462279,62,56.0,1.0255256646067936,56.0,0.9262812454512975,0.007088887082535522,392.0,6.483968718159082
484,485,2021-07-01,462354,75,57.29,1.240555239443702,57.285714285714285,0.9475479066989038,0.021266661247606233,401.0,6.632835346892326
485,486,2021-07-02,462439,85,60.29,1.4059626047028622,60.285714285714285,0.9971701162766519,0.0496222095777481,422.0,6.980190813936563
486,487,2021-07-03,462535,96,65.29,1.5879107064879383,65.28571428571429,1.0798737989062321,0.08270368262958028,457.0,7.559116592343623
487,488,2021-07-04,462596,61,64.57,1.0089849280808776,64.57142857142857,1.0680589871020063,-0.011814811804225833,452.0,7.476412909714044
488,489,2021-07-05,462634,38,64.71,0.6285479879848089,64.71428571428571,1.0704219494628513,0.002362962360844989,453.0,7.492953646239959
489,490,2021-07-06,462681,47,66.29,0.7774146167180532,66.28571428571429,1.096414535432148,0.025992585969296655,464.0,7.674901748025035
490,491,2021-07-07,462736,55,65.29,0.9097405089253814,65.28571428571429,1.079873798906232,-0.016540736525916033,457.0,7.559116592343623
491,492,2021-07-08,462835,99,68.71,1.6375329160656866,68.71428571428571,1.1365848955665154,0.05671109666028351,481.0,7.956094268965609
492,493,2021-07-09,462980,145,77.29,2.3984067962578237,77.28571428571429,1.2783626372172243,0.1417777416507089,541.0,8.94853846052057
493,494,2021-07-10,463107,127,81.71,2.1006735387913356,81.71428571428571,1.3516144704034239,0.07325183318619954,572.0,9.461301292823967
494,495,2021-07-11,463186,79,84.29,1.306718185547366,84.28571428571429,1.3941477928986363,0.04253332249521247,590.0,9.759034550290457
495,496,2021-07-12,463265,79,90.14,1.306718185547366,90.14285714285714,1.4910292496932875,0.09688145679465121,631.0,10.437204747853013
496,497,2021-07-13,463383,118,100.29,1.951806910058091,100.28571428571429,1.6587995773132929,0.16777032762000532,702.0,11.61159704119305
497,498,2021-07-14,463487,104,107.29,1.7202365986952668,107.28571428571429,1.7745847329947053,0.11578515568141245,751.0,12.422093130962935
498,499,2021-07-15,463665,178,118.57,2.9442511016130526,118.57142857142857,1.9612587595014719,0.18667402650676657,830.0,13.728811316510303
499,500,2021-07-16,463848,183,124.0,3.026954784242633,124.0,2.0510513292135872,0.08979256971211536,868.0,14.357359304495109
500,501,2021-07-17,464031,183,132.0,3.026954784242633,132.0,2.1833772214209155,0.13232589220732827,924.0,15.283640549946409
501,502,2021-07-18,464197,166,144.43,2.74576226330206,144.42857142857142,2.3889549468144433,0.2055777253935278,1011.0,16.722684627701103
502,503,2021-07-19,464336,139,153.0,2.2991623771023275,153.0,2.5307326884651524,0.1417777416507091,1071.0,17.715128819256066
503,504,2021-07-20,464491,155,158.29,2.563814161516984,158.28571428571428,2.6181622958164223,0.08742960735126992,1108.0,18.327136070714957
504,505,2021-07-21,464735,244,178.29,4.03593971232351,178.28571428571428,2.948977026334743,0.33081473051832067,1248.0,20.6428391843432
505,506,2021-07-22,465038,303,196.14,5.011843167352556,196.14285714285714,3.244347321440386,0.29537029510564317,1373.0,22.710431250082703
506,507,2021-07-23,465326,288,211.14,4.763732119463815,211.14285714285714,3.492458369329126,0.24811104788873983,1478.0,24.447208585303883
507,508,2021-07-24,465643,317,230.29,5.2434134787153805,230.28571428571428,3.809095325682376,0.31663695635324984,1612.0,26.663667279776632
508,509,2021-07-25,465949,306,250.29,5.061465376930304,250.28571428571428,4.139910056200697,0.3308147305183211,1752.0,28.979370393404878
509,510,2021-07-26,466205,256,267.0,4.234428550634503,267.0,4.416376652419578,0.2764665962188815,1869.0,30.914636566937055
510,511,2021-07-27,466514,309,289.0,5.111087586508052,289.0,4.780272855989732,0.3638962035701532,2023.0,33.461909991928124
511,512,2021-07-28,466930,416,313.57,6.880946394781067,313.57142857142856,5.186702382055096,0.40642952606536475,2195.0,36.306916674385675
512,513,2021-07-29,467435,505,342.43,8.353071945587594,342.42857142857144,5.664020778945817,0.47731839689072064,2397.0,39.64814545262072
513,514,2021-07-30,467961,526,376.43,8.700427412631829,376.42857142857144,6.226405820826961,0.5623850418811438,2635.0,43.584840745788725
514,515,2021-07-31,468548,587,415.0,9.709412340712708,415.0,6.864405658255151,0.6379998374281906,2905.0,48.05083960778605
515,516,2021-08-01,469095,547,449.43,9.047782879676067,449.42857142857144,7.433879587218832,0.5694739289636805,3146.0,52.037157110531815
516,517,2021-08-02,469542,447,476.71,7.3937092270844635,476.7142857142857,7.885205398140253,0.4513258109214213,3337.0,55.196437786981775
517,518,2021-08-03,469910,368,485.14,6.086991041537098,485.14285714285717,8.02462017743012,0.1394147792898659,3396.0,56.17234124201082
518,519,2021-08-04,470605,695,525.0,11.495811885511637,525.0,8.683886676105914,0.6592664986757946,3675.0,60.78720673274139
519,520,2021-08-05,471334,729,557.0,12.058196927392784,557.0,9.213190244935225,0.5293035688293113,3899.0,64.49233171454658
520,521,2021-08-06,472224,890,609.0,14.721255508065264,609.0,10.073308544282861,0.8601182993476364,4263.0,70.51315980998001
521,522,2021-08-07,473116,892,652.57,14.754336981117095,652.5714285714286,10.794012064340631,0.7207035200577696,4568.0,75.55808445038441
522,523,2021-08-08,473969,853,696.29,14.10924825660637,696.2857142857143,11.517078546759246,0.7230664824186146,4874.0,80.61954982731471
523,524,2021-08-09,474555,586,716.14,9.692871604186792,716.1428571428571,11.845530314916719,0.328451768157473,5013.0,82.91871220441703
524,525,2021-08-10,475184,629,753.43,10.40412327480118,753.4285714285714,12.462263491097303,0.6167331761805848,5274.0,87.23584443768112
525,526,2021-08-11,476070,886,780.71,14.655092561961599,780.7142857142857,12.913589302018725,0.4513258109214213,5465.0,90.39512511413108
526,527,2021-08-12,477117,1047,826.14,17.31815114263408,826.1428571428571,13.665011332767481,0.7514220307487562,5783.0,95.65507932937238
527,528,2021-08-13,478067,950,834.71,15.713699699620225,834.7142857142857,13.806789074418193,0.14177774165071177,5843.0,96.64752352092735
528,529,2021-08-14,479083,1016,852.43,16.805388310330684,852.4285714285714,14.099796407162989,0.2930073327447964,5967.0,98.69857485014091
529,530,2021-08-15,479952,869,854.71,14.373900041021026,854.7142857142857,14.137603804936512,0.03780739777352338,5983.0,98.9632266345556
530,531,2021-08-16,480718,766,880.43,12.670204178851677,880.4285714285714,14.562937029888639,0.42533322495212644,6163.0,101.94055920922047
531,532,2021-08-17,481569,851,912.14,14.076166783554537,912.1428571428571,15.087514673996262,0.5245776441076231,6385.0,105.61260271797381
532,533,2021-08-18,482581,1012,930.14,16.739225364227018,930.1428571428571,15.385247931462752,0.29773325746648993,6511.0,107.69673552023926
533,534,2021-08-19,483641,1060,932.0,17.533180717470987,932.0,15.415966442153735,0.03071851069098308,6524.0,107.91176509507615
534,535,2021-08-20,484847,1206,968.57,19.94812825025473,968.5714285714286,16.020884806530095,0.6049183643763598,6780.0,112.14619364571065
535,536,2021-08-21,485978,1131,985.0,18.707573010811025,985.0,16.292625478027283,0.27174067149718795,6895.0,114.048378346191
536,537,2021-08-22,486968,990,1002.29,16.375329160656865,1002.2857142857143,16.578543923689548,0.285918445662265,7016.0,116.04980746582683
537,538,2021-08-23,487893,925,1025.0,15.300181286472325,1025.0,16.954254939063926,0.3757110153743781,7175.0,118.67978457344749
538,539,2021-08-24,488740,847,1024.43,14.010003837450874,1024.4285714285713,16.944803089620546,-0.009451849443379956,7171.0,118.61362162734382
539,540,2021-08-25,489930,1190,1049.86,19.68347646584007,1049.857142857143,17.365410389850982,0.42060730023043646,7349.0,121.55787272895688
540,541,2021-08-26,491174,1244,1076.14,20.576676238239536,1076.142857142857,17.80019546424649,0.4347850743955064,7533.0,124.60136824972543
541,542,2021-08-27,492547,1373,1100.0,22.710431250082703,1100.0,18.194810178507627,0.39461471426113803,7700.0,127.3636712495534
542,543,2021-08-28,493915,1368,1133.86,22.627727567453125,1133.857142857143,18.75483225802793,0.5600220795203015,7937.0,131.2838258061955
543,544,2021-08-29,494982,1067,1144.86,17.6489658731524,1144.857142857143,18.936780359813003,0.1819481017850748,8014.0,132.55746251869104
544,545,2021-08-30,495924,942,1147.29,15.581373807412897,1147.2857142857142,18.97695071994737,0.040170360134368366,8031.0,132.8386550396316
545,546,2021-08-31,497002,1078,1180.29,17.830913974937477,1180.2857142857142,19.522795025302603,0.5458443053552315,8262.0,136.65956517711822
546,547,2021-09-01,498376,1374,1206.57,22.72697198660862,1206.5714285714287,19.95758009969811,0.4347850743955064,8446.0,139.70306069788677
547,548,2021-09-02,499648,1272,1210.57,21.039816860965185,1210.5714285714287,20.023743045801773,0.06616294610366324,8474.0,140.1662013206124
548,549,2021-09-03,501035,1387,1212.57,22.942001561445526,1212.5714285714287,20.056824518853606,0.0330814730518334,8488.0,140.39777163197522
549,550,2021-09-04,502229,1194,1187.71,19.749639411943736,1187.7142857142858,19.64566906806655,-0.4111554507870565,8314.0,137.51968347646584
550,551,2021-09-05,503034,805,1150.29,13.3152929033624,1150.2857142857142,19.02657292952512,-0.6190961385414298,8052.0,133.18601050667584
551,552,2021-09-06,504061,1027,1162.43,16.98733641211576,1162.4285714285713,19.227424730196958,0.20085180067183828,8137.0,134.5919731113787
552,553,2021-09-07,504856,795,1122.0,13.149885538103241,1122.0,18.55870638207778,-0.6687183481191781,7854.0,129.91094467454448
553,554,2021-09-08,505557,701,1025.86,11.595056304667134,1025.857142857143,16.968432713229,-1.5902736688487806,7181.0,118.77902899260297
554,555,2021-09-09,506464,907,973.71,15.002448029005835,973.7142857142857,16.105951451520518,-0.8624812617084814,6816.0,112.74166016064363
555,556,2021-09-10,508017,1553,997.43,25.687763824747588,997.4285714285714,16.498203203420815,0.3922517519002966,6982.0,115.4874224239457
556,557,2021-09-11,509393,1376,1023.43,22.76005345966045,1023.4285714285714,16.928262353094627,0.43005914967381287,7164.0,118.49783647166241
557,558,2021-09-12,510543,1150,1072.71,19.02184700480343,1072.7142857142858,17.743484367586206,0.815222014491578,7509.0,124.20439057310344
558,559,2021-09-13,511646,1103,1083.57,18.244432388085375,1083.5714285714287,17.923069507010435,0.17958513942422982,7585.0,125.46148654907306
559,560,2021-09-14,512740,1094,1126.29,18.095565759352134,1126.2857142857142,18.629595252903133,0.7065257458926979,7884.0,130.40716677032194
560,561,2021-09-15,513929,1189,1196.0,19.666935729314158,1196.0,19.782720884995566,1.1531256320924328,8372.0,138.479046194969
561,562,2021-09-16,515259,1330,1256.43,21.999179579468315,1256.4285714285713,20.782253963633064,0.9995330786374979,8795.0,145.47577774543146
562,563,2021-09-17,516784,1525,1252.43,25.22462320202194,1252.4285714285713,20.716091017529404,-0.06616294610365969,8767.0,145.0126371227058
563,564,2021-09-18,518061,1277,1238.29,21.122520543594767,1238.2857142857142,20.482157743805733,-0.23393327372367168,8668.0,143.37510420664012
564,565,2021-09-19,519097,1036,1222.0,17.136203040849004,1222.0,20.212780034669386,-0.2693777091363465,8554.0,141.4894602426857
565,566,2021-09-20,520236,1139,1227.14,18.839898903018355,1227.142857142857,20.297846679659813,0.08506664499042671,8590.0,142.08492675761866
566,567,2021-09-21,521210,974,1210.0,16.110677376242208,1210.0,20.014291196358393,-0.28355548330142,8470.0,140.10003837450876
567,568,2021-09-22,522355,1145,1203.71,18.93914332217385,1203.7142857142858,19.910320852481203,-0.10397034387719017,8426.0,139.37224596736843
568,569,2021-09-23,523760,1405,1214.43,23.239734818912016,1214.4285714285713,20.087543029544594,0.17722217706339194,8501.0,140.61280120681215
569,570,2021-09-24,525123,1363,1191.29,22.545023884823543,1191.2857142857142,19.704743127087678,-0.38279990245691664,8339.0,137.93320188961374
570,571,2021-09-25,526690,1567,1232.71,25.91933413611041,1232.7142857142858,20.39000221173277,0.685259084645093,8629.0,142.73001548212937
571,572,2021-09-26,527804,1114,1243.86,18.426380489870454,1243.857142857143,20.57431327587869,0.1843110641459198,8707.0,144.02019293115083
572,573,2021-09-27,528764,960,1218.29,15.879107064879385,1218.2857142857142,20.15134301328741,-0.42297026259128145,8528.0,141.05940109301187
573,574,2021-09-28,529736,972,1218.0,16.077595903190378,1218.0,20.146617088565723,-0.004725924721686425,8526.0,141.02631961996002
574,575,2021-09-29,530861,1125,1215.14,18.60832859165553,1215.142857142857,20.099357841348816,-0.047259247216906886,8506.0,140.69550488944174
575,576,2021-09-30,532340,1479,1225.71,24.463749321829805,1225.7142857142858,20.274217056051356,0.17485921470253984,8580.0,141.91951939235952
576,577,2021-10-01,533870,1530,1249.57,25.30732688465152,1249.5714285714287,20.668831770312497,0.3946147142611416,8747.0,144.68182239218748
577,578,2021-10-02,535157,1287,1209.57,21.287927908853923,1209.5714285714287,20.007202309275858,-0.6616294610366396,8467.0,140.050416164931
578,579,2021-10-03,536249,1092,1206.43,18.0624842863003,1206.4285714285713,19.955217137337264,-0.05198517193859331,8445.0,139.68651996136083
579,580,2021-10-04,537327,1078,1223.29,17.830913974937477,1223.2857142857142,20.23404669591699,0.27882955857972647,8563.0,141.63832687141894
580,581,2021-10-05,537976,649,1177.14,10.734938005319501,1177.142857142857,19.47080985336401,-0.7632368425529812,8240.0,136.29566897354806
581,582,2021-10-06,539053,1077,1170.29,17.814373238411562,1170.2857142857142,19.35738766004344,-0.11342219332057013,8192.0,135.5017136203041
582,583,2021-10-07,540451,1398,1158.71,23.123949663230604,1158.7142857142858,19.165987708814985,-0.19139995122845477,8111.0,134.1619139617049
583,584,2021-10-08,541627,1176,1108.14,19.451906154477246,1108.142857142857,18.329499033075802,-0.836488675739183,7757.0,128.30649323153062
584,585,2021-10-09,542886,1259,1104.14,20.824787286128277,1104.142857142857,18.26333608697214,-0.06616294610366324,7729.0,127.84335260880496
585,586,2021-10-10,544219,1333,1138.57,22.048801789046063,1138.5714285714287,18.83281001593582,0.5694739289636814,7970.0,131.82967011155074
586,587,2021-10-11,545028,809,1100.14,13.381455849466064,1100.142857142857,18.197173140868472,-0.6356368750673482,7701.0,127.38021198607933
587,588,2021-10-12,545439,411,1066.14,6.798242712151486,1066.142857142857,17.63478809898733,-0.5623850418811429,7463.0,123.4435166929113
588,589,2021-10-13,546552,1113,1071.29,18.40983975334454,1071.2857142857142,17.719854743977756,0.08506664499042671,7499.0,124.03898320784428
589,590,2021-10-14,547675,1123,1032.0,18.5752471186037,1032.0,17.07004009474534,-0.6498146492324146,7224.0,119.49028066321736
590,591,2021-10-15,548743,1068,1016.57,17.665506609678317,1016.5714285714286,16.814840159774064,-0.2551999349712766,7116.0,117.70388111841844
591,592,2021-10-16,549679,936,970.43,15.482129388257402,970.4285714285714,16.051603317221083,-0.7632368425529812,6793.0,112.36122322054757
592,593,2021-10-17,550550,871,904.43,14.406981514072857,904.4285714285714,14.959914706510625,-1.0916886107104578,6331.0,104.71940294557436
593,594,2021-10-18,551264,714,890.86,11.810085879504042,890.8571428571429,14.735433282230336,-0.22448142428028994,6236.0,103.14803297561234
594,595,2021-10-19,551807,543,909.71,8.981619933572402,909.7142857142857,15.047344313861895,0.31191103163155987,6368.0,105.33141019703326
595,596,2021-10-20,552524,717,853.14,11.85970808908179,853.1428571428571,14.111611218967216,-0.9357330948946796,5972.0,98.7812785327705
596,597,2021-10-21,553593,1069,845.43,17.682047346204232,845.4285714285714,13.984011251481578,-0.1275999674856383,5918.0,97.88807876037104
597,598,2021-10-22,554456,863,816.14,14.27465562186553,816.1428571428571,13.499603967508323,-0.4844072839732547,5713.0,94.49722777255825
598,599,2021-10-23,555366,910,812.43,15.052070238583584,812.4285714285714,13.438166946126348,-0.06143702138197504,5687.0,94.06716862288444
599,600,2021-10-24,556083,717,790.43,11.85970808908179,790.4285714285714,13.074270742556196,-0.3638962035701514,5533.0,91.51989519789338
600,601,2021-10-25,556595,512,761.57,8.468857101269005,761.5714285714286,12.596952345665475,-0.47731839689072153,5331.0,88.17866641965833
601,602,2021-10-26,557192,597,769.29,9.874819705971868,769.2857142857143,12.724552313151113,0.1275999674856383,5385.0,89.0718661920578
602,603,2021-10-27,557923,731,771.29,12.091278400444615,771.2857142857143,12.757633786202947,0.0330814730518334,5399.0,89.30343650342063
603,604,2021-10-28,558852,929,751.29,15.366344232575988,751.2857142857143,12.426819055684627,-0.3308147305183198,5259.0,86.98773338979238
604,605,2021-10-29,559763,911,758.14,15.068610975109499,758.1428571428571,12.540241249005192,0.1134221933205648,5307.0,87.78168874303634
605,606,2021-10-30,560634,871,752.57,14.406981514072857,752.5714285714286,12.448085716932232,-0.0921555320729599,5268.0,87.13660001852563
606,607,2021-10-31,561270,636,741.0,10.519908430482593,741.0,12.256685765703775,-0.19139995122845654,5187.0,85.79680035992644
607,608,2021-11-01,561718,448,731.86,7.41024996361038,731.8571428571429,12.105456174609687,-0.15122959109408818,5123.0,84.7381932222678
608,609,2021-11-02,562200,482,715.43,7.972635005491525,715.4285714285714,11.833715503112495,-0.2717406714971915,5008.0,82.83600852178746
609,610,2021-11-03,562896,696,710.43,11.512352622037554,710.4285714285714,11.751011820482914,-0.08270368262958172,4973.0,82.2570827433804
610,611,2021-11-04,563696,800,692.0,13.232589220732821,692.0,11.44618967593389,-0.3048221445490231,4844.0,80.12332773153723
611,612,2021-11-05,564564,868,685.86,14.357359304495109,685.8571428571429,11.344582294417549,-0.10160738151634163,4801.0,79.41207606092284
612,613,2021-11-06,565355,791,674.43,13.083722591999576,674.4285714285714,11.155545305549936,-0.18903698886761333,4721.0,78.08881713884956
613,614,2021-11-07,566082,727,687.43,12.02511545434095,687.4285714285714,11.370574880386844,0.2150295748369082,4812.0,79.59402416270792
614,615,2021-11-08,566637,555,702.71,9.180108771883395,702.7142857142857,11.623411852997275,0.2528369726104316,4919.0,81.36388297098092
615,616,2021-11-09,567085,448,697.86,7.41024996361038,697.8571428571429,11.54307113272854,-0.08034072026873496,4885.0,80.8014979290998
616,617,2021-11-10,567929,844,719.0,13.960381627873126,719.0,11.89278956213362,0.3497184294050797,5033.0,83.24952693493536
617,618,2021-11-11,568914,985,745.43,16.292625478027286,745.4285714285714,12.329937598889973,0.43714803675635316,5218.0,86.30956319222983
618,619,2021-11-12,569823,909,751.29,15.035529502057667,751.2857142857143,12.426819055684627,0.09688145679465343,5259.0,86.98773338979238
619,620,2021-11-13,570806,983,778.71,16.259544004975453,778.7142857142857,12.880507828966895,0.4536887732822681,5451.0,90.16355480276826
620,621,2021-11-14,571625,819,791.86,13.546863214725224,791.8571428571429,13.097900366164648,0.2173925371977532,5543.0,91.68530256315253
621,622,2021-11-15,572342,717,815.0,11.85970808908179,815.0,13.480700268621561,0.3827999024569131,5705.0,94.36490188035093
622,623,2021-11-16,573044,702,851.29,11.61159704119305,851.2857142857143,14.080892708276227,0.6001924396546663,5959.0,98.56624895793361
623,624,2021-11-17,573835,791,843.71,13.083722591999576,843.7142857142857,13.955655703151436,-0.12523700512479152,5906.0,97.68958992206005
624,625,2021-11-18,574914,1079,857.14,17.847454711463392,857.1428571428571,14.17777416507088,0.22211846191944495,6000.0,99.24441915549616
625,626,2021-11-19,575996,1082,881.86,17.89707692104114,881.8571428571429,14.586566653497089,0.40879248842620797,6173.0,102.10596657447962
626,627,2021-11-20,577013,1017,886.71,16.821929046856596,886.7142857142857,14.666907373765824,0.08034072026873496,6207.0,102.66835161636078
627,628,2021-11-21,578019,1006,913.43,16.63998094507152,913.4285714285714,15.108781335243867,0.44187396147804314,6394.0,105.76146934670707
628,629,2021-11-22,578851,832,929.86,13.761892789562134,929.8571428571429,15.380522006741058,0.2717406714971915,6509.0,107.6636540471874
629,630,2021-11-23,579591,740,935.29,12.240145029177858,935.2857142857143,15.470314576453175,0.08979256971211669,6547.0,108.29220203517224
630,631,2021-11-24,580496,905,951.57,14.969366555954005,951.5714285714286,15.739692285589522,0.2693777091363465,6661.0,110.17784599912665
631,632,2021-11-25,581611,1115,956.71,18.44292122639637,956.7142857142857,15.824758930579947,0.08506664499042493,6697.0,110.77331251405963
632,633,2021-11-26,582608,997,944.57,16.491114316338276,944.5714285714286,15.623907129908108,-0.20085180067183828,6612.0,109.36734990935676
633,634,2021-11-27,583299,691,898.0,11.429648939407974,898.0,14.85358140027259,-0.7703257296355179,6286.0,103.97506980190815
634,635,2021-11-28,584137,838,874.0,13.861137208717631,874.0,14.456603723650606,-0.3969776766219848,6118.0,101.19622606555424
635,636,2021-11-29,584899,762,864.0,12.604041232748012,864.0,14.291196358391447,-0.1654073652591581,6048.0,100.03837450874012
636,637,2021-11-30,586143,1244,936.0,20.576676238239536,936.0,15.4821293882574,1.1909330298659526,6552.0,108.3749057178018
637,638,2021-12-01,587285,1142,969.86,18.889521112596103,969.8571428571429,16.0421514677777,0.5600220795202997,6789.0,112.2950602744439
638,639,2021-12-02,589113,1828,1071.71,30.236466369374494,1071.7142857142858,17.726943631060287,1.6847921632825873,7502.0,124.08860541742203
639,640,2021-12-03,590813,1700,1172.14,28.119252094057245,1172.142857142857,19.388106170734428,1.661162539674141,8205.0,135.716743195141
640,641,2021-12-04,592679,1866,1340.0,30.865014357359307,1340.0,22.16458694472748,2.7764807739930504,9380.0,155.15210861309234
641,642,2021-12-05,593645,966,1358.29,15.97835148403488,1358.2857142857142,22.467046126915655,0.30245918218817636,9508.0,157.26932288840956
642,643,2021-12-06,594604,959,1386.43,15.86256632835347,1386.4285714285713,22.93254971200215,0.4655035850864948,9705.0,160.52784798401504
643,644,2021-12-07,595780,1176,1376.71,19.451906154477246,1376.7142857142858,22.77186827146468,-0.1606814405374699,9637.0,159.40307790025273
644,645,2021-12-08,596967,1187,1383.14,19.63385425626232,1383.142857142857,22.878201577702708,0.10633330623802806,9682.0,160.14741104391896
645,646,2021-12-09,598466,1499,1336.14,24.79456405234812,1336.142857142857,22.100786960984657,-0.7774146167180511,9353.0,154.7055087268926
646,647,2021-12-10,600178,1712,1337.86,28.31774093236824,1337.857142857143,22.129142509314796,0.028355548330139868,9365.0,154.90399756520358
647,648,2021-12-11,601390,1212,1244.43,20.047372669410223,1244.4285714285713,20.58376512532207,-1.5453773839927258,8711.0,144.0863558772545
648,649,2021-12-12,602732,1342,1298.14,22.197668417779305,1298.142857142857,21.472238972999843,0.8884738476777727,9087.0,150.3056728109989
649,650,2021-12-13,604172,1440,1366.86,23.818660597319077,1366.857142857143,22.60882386856636,1.1365848955665179,9568.0,158.26176707996453
650,651,2021-12-14,605862,1690,1440.29,27.95384472879808,1440.2857142857142,23.823386522040767,1.214562653474406,10082.0,166.7637056542854
651,652,2021-12-15,607998,2136,1575.86,35.331013219356635,1575.857142857143,26.06583780248281,2.242451280442044,11031.0,182.46086461737968
652,653,2021-12-16,611069,3071,1800.43,50.796601871088114,1800.4285714285713,29.78041463373138,3.714576831248568,12603.0,208.4629024361197
653,654,2021-12-17,614493,3424,2045.0,56.63548186473648,2045.0,33.825806195498274,4.045391561766895,14315.0,236.78064336848794
654,655,2021-12-18,617744,3251,2336.29,53.77393444575299,2336.285714285714,38.64388644926152,4.818080253763249,16354.0,270.50720514483066
655,656,2021-12-19,620113,2369,2483.0,39.18500482989507,2483.0,41.07064879384949,2.4267623445879707,17381.0,287.49454155694644
656,657,2021-12-20,621220,1107,2435.43,18.310595334189042,2435.4285714285716,40.28378232768806,-0.7868664661614346,17048.0,281.9864762938164
657,658,2021-12-21,627438,6218,3082.29,102.85029971814585,3082.285714285714,50.98327589759488,10.69949356990682,21576.0,356.88293128316417
658,659,2021-12-22,631510,4072,3358.86,67.35387913353006,3358.8571428571427,55.55797102819109,4.574695130596211,23512.0,388.9057971973376
659,660,2021-12-23,638379,6869,3901.42,113.61831919651719,3901.4285714285716,64.53250207468095,8.974531046489858,27310.0,451.7275145227667
660,661,2021-12-24,648238,9859,4820.71,163.0751214090061,4820.714285714285,79.73816486671947,15.205662792038524,33745.0,558.1671540670363
661,662,2021-12-25,657588,9350,5692.0,154.65588651731483,5692.0,94.14987230551402,14.41170743879455,39844.0,659.0491061385982
662,663,2021-12-26,663414,5826,6185.86,96.36633099998677,6185.857142857143,102.3186331869557,8.16876088144167,43301.0,716.2304323086898
